-- phpMyAdmin SQL Dump
-- version 4.7.7
-- https://www.phpmyadmin.net/
--
-- Хост: 127.0.0.1:3306
-- Время создания: Фев 13 2018 г., 00:19
-- Версия сервера: 5.6.38
-- Версия PHP: 5.6.32

SET SQL_MODE = "NO_AUTO_VALUE_ON_ZERO";
SET AUTOCOMMIT = 0;
START TRANSACTION;
SET time_zone = "+00:00";


/*!40101 SET @OLD_CHARACTER_SET_CLIENT=@@CHARACTER_SET_CLIENT */;
/*!40101 SET @OLD_CHARACTER_SET_RESULTS=@@CHARACTER_SET_RESULTS */;
/*!40101 SET @OLD_COLLATION_CONNECTION=@@COLLATION_CONNECTION */;
/*!40101 SET NAMES utf8mb4 */;

--
-- База данных: `localhost5`
--

-- --------------------------------------------------------

--
-- Структура таблицы `area`
--

CREATE TABLE `area` (
  `id` int(11) NOT NULL,
  `name` text COMMENT 'Название отделения'
) ENGINE=InnoDB DEFAULT CHARSET=utf8;

--
-- Дамп данных таблицы `area`
--

INSERT INTO `area` (`id`, `name`) VALUES
(1, 'Стоматологическое отделение'),
(2, 'Отделение неотложной помощи'),
(3, 'Корпус 1'),
(4, 'Корпус 2'),
(5, 'Психиатрическое 1'),
(6, 'Психиатрическое 2');

-- --------------------------------------------------------

--
-- Структура таблицы `calendar`
--

CREATE TABLE `calendar` (
  `id` int(11) NOT NULL,
  `date` date NOT NULL COMMENT 'Дата (год-мес-день)',
  `doctor_id` int(11) NOT NULL COMMENT 'Врач',
  `timetable` text COMMENT 'Время приема',
  `timetable_work` text COMMENT 'График работы. например (8:00-17-00)',
  `created_at` datetime NOT NULL COMMENT 'Время создания'
) ENGINE=InnoDB DEFAULT CHARSET=utf8;

--
-- Дамп данных таблицы `calendar`
--

INSERT INTO `calendar` (`id`, `date`, `doctor_id`, `timetable`, `timetable_work`, `created_at`) VALUES
(1, '2018-01-02', 1, '[{\"id\":1,\"type\":\"time\",\"val\":\"8:00\"},{\"id\":2,\"type\":\"time\",\"val\":\"8:30\"},{\"id\":3,\"type\":\"time\",\"val\":\"9:00\"},{\"id\":4,\"type\":\"time\",\"val\":\"9:30\"},{\"id\":5,\"type\":\"time\",\"val\":\"10:00\"},{\"id\":6,\"type\":\"time\",\"val\":\"10:30\"},{\"id\":7,\"type\":\"time\",\"val\":\"11:00\"},{\"id\":8,\"type\":\"time\",\"val\":\"11:30\"},{\"id\":9,\"type\":\"time\",\"val\":\"12:00\"},{\"id\":10,\"type\":\"time\",\"val\":\"12:30\"},{\"id\":11,\"type\":\"time\",\"val\":\"13:00\"},{\"id\":12,\"type\":\"time\",\"val\":\"13:30\"},{\"id\":13,\"type\":\"time\",\"val\":\"14:00\"},{\"id\":14,\"type\":\"time\",\"val\":\"14:30\"},{\"id\":15,\"type\":\"time\",\"val\":\"15:00\"},{\"id\":16,\"type\":\"time\",\"val\":\"15:30\"},{\"id\":17,\"type\":\"time\",\"val\":\"16:00\"},{\"id\":18,\"type\":\"time\",\"val\":\"16:30\"},{\"id\":19,\"type\":\"time\",\"val\":\"17:00\"},{\"id\":20,\"type\":\"time\",\"val\":\"17:30\"}]', NULL, '2018-02-11 07:21:41'),
(2, '2018-01-02', 2, '[{\"id\":1,\"type\":\"time\",\"val\":\"8:00\"},{\"id\":2,\"type\":\"time\",\"val\":\"8:30\"},{\"id\":3,\"type\":\"time\",\"val\":\"9:00\"},{\"id\":4,\"type\":\"time\",\"val\":\"9:30\"},{\"id\":5,\"type\":\"time\",\"val\":\"10:00\"},{\"id\":6,\"type\":\"time\",\"val\":\"10:30\"},{\"id\":7,\"type\":\"time\",\"val\":\"11:00\"},{\"id\":8,\"type\":\"time\",\"val\":\"11:30\"},{\"id\":9,\"type\":\"time\",\"val\":\"12:00\"},{\"id\":10,\"type\":\"time\",\"val\":\"12:30\"},{\"id\":11,\"type\":\"time\",\"val\":\"13:00\"},{\"id\":12,\"type\":\"time\",\"val\":\"13:30\"},{\"id\":13,\"type\":\"time\",\"val\":\"14:00\"},{\"id\":14,\"type\":\"time\",\"val\":\"14:30\"},{\"id\":15,\"type\":\"time\",\"val\":\"15:00\"},{\"id\":16,\"type\":\"time\",\"val\":\"15:30\"},{\"id\":17,\"type\":\"time\",\"val\":\"16:00\"},{\"id\":18,\"type\":\"time\",\"val\":\"16:30\"},{\"id\":19,\"type\":\"time\",\"val\":\"17:00\"},{\"id\":20,\"type\":\"time\",\"val\":\"17:30\"}]', NULL, '2018-02-11 07:21:41'),
(3, '2018-01-02', 3, '[{\"id\":1,\"type\":\"time\",\"val\":\"8:00\"},{\"id\":2,\"type\":\"time\",\"val\":\"8:30\"},{\"id\":3,\"type\":\"time\",\"val\":\"9:00\"},{\"id\":4,\"type\":\"time\",\"val\":\"9:30\"},{\"id\":5,\"type\":\"time\",\"val\":\"10:00\"},{\"id\":6,\"type\":\"time\",\"val\":\"10:30\"},{\"id\":7,\"type\":\"time\",\"val\":\"11:00\"},{\"id\":8,\"type\":\"time\",\"val\":\"11:30\"},{\"id\":9,\"type\":\"time\",\"val\":\"12:00\"},{\"id\":10,\"type\":\"time\",\"val\":\"12:30\"},{\"id\":11,\"type\":\"time\",\"val\":\"13:00\"},{\"id\":12,\"type\":\"time\",\"val\":\"13:30\"},{\"id\":13,\"type\":\"time\",\"val\":\"14:00\"},{\"id\":14,\"type\":\"time\",\"val\":\"14:30\"},{\"id\":15,\"type\":\"time\",\"val\":\"15:00\"},{\"id\":16,\"type\":\"time\",\"val\":\"15:30\"},{\"id\":17,\"type\":\"time\",\"val\":\"16:00\"},{\"id\":18,\"type\":\"time\",\"val\":\"16:30\"},{\"id\":19,\"type\":\"time\",\"val\":\"17:00\"},{\"id\":20,\"type\":\"time\",\"val\":\"17:30\"}]', NULL, '2018-02-11 07:21:41'),
(4, '2018-01-02', 4, '[{\"id\":1,\"type\":\"time\",\"val\":\"8:00\"},{\"id\":2,\"type\":\"time\",\"val\":\"8:30\"},{\"id\":3,\"type\":\"time\",\"val\":\"9:00\"},{\"id\":4,\"type\":\"time\",\"val\":\"9:30\"},{\"id\":5,\"type\":\"time\",\"val\":\"10:00\"},{\"id\":6,\"type\":\"time\",\"val\":\"10:30\"},{\"id\":7,\"type\":\"time\",\"val\":\"11:00\"},{\"id\":8,\"type\":\"time\",\"val\":\"11:30\"},{\"id\":9,\"type\":\"time\",\"val\":\"12:00\"},{\"id\":10,\"type\":\"time\",\"val\":\"12:30\"},{\"id\":11,\"type\":\"time\",\"val\":\"13:00\"},{\"id\":12,\"type\":\"time\",\"val\":\"13:30\"},{\"id\":13,\"type\":\"time\",\"val\":\"14:00\"},{\"id\":14,\"type\":\"time\",\"val\":\"14:30\"},{\"id\":15,\"type\":\"time\",\"val\":\"15:00\"},{\"id\":16,\"type\":\"time\",\"val\":\"15:30\"},{\"id\":17,\"type\":\"time\",\"val\":\"16:00\"},{\"id\":18,\"type\":\"time\",\"val\":\"16:30\"},{\"id\":19,\"type\":\"time\",\"val\":\"17:00\"},{\"id\":20,\"type\":\"time\",\"val\":\"17:30\"}]', NULL, '2018-02-11 07:21:41'),
(5, '2018-01-02', 5, '[{\"id\":1,\"type\":\"time\",\"val\":\"8:00\"},{\"id\":2,\"type\":\"time\",\"val\":\"8:30\"},{\"id\":3,\"type\":\"time\",\"val\":\"9:00\"},{\"id\":4,\"type\":\"time\",\"val\":\"9:30\"},{\"id\":5,\"type\":\"time\",\"val\":\"10:00\"},{\"id\":6,\"type\":\"time\",\"val\":\"10:30\"},{\"id\":7,\"type\":\"time\",\"val\":\"11:00\"},{\"id\":8,\"type\":\"time\",\"val\":\"11:30\"},{\"id\":9,\"type\":\"time\",\"val\":\"12:00\"},{\"id\":10,\"type\":\"time\",\"val\":\"12:30\"},{\"id\":11,\"type\":\"time\",\"val\":\"13:00\"},{\"id\":12,\"type\":\"time\",\"val\":\"13:30\"},{\"id\":13,\"type\":\"time\",\"val\":\"14:00\"},{\"id\":14,\"type\":\"time\",\"val\":\"14:30\"},{\"id\":15,\"type\":\"time\",\"val\":\"15:00\"},{\"id\":16,\"type\":\"time\",\"val\":\"15:30\"},{\"id\":17,\"type\":\"time\",\"val\":\"16:00\"},{\"id\":18,\"type\":\"time\",\"val\":\"16:30\"},{\"id\":19,\"type\":\"time\",\"val\":\"17:00\"},{\"id\":20,\"type\":\"time\",\"val\":\"17:30\"}]', NULL, '2018-02-11 07:21:41'),
(6, '2018-01-02', 6, '[{\"id\":1,\"type\":\"time\",\"val\":\"8:00\"},{\"id\":2,\"type\":\"time\",\"val\":\"8:30\"},{\"id\":3,\"type\":\"time\",\"val\":\"9:00\"},{\"id\":4,\"type\":\"time\",\"val\":\"9:30\"},{\"id\":5,\"type\":\"time\",\"val\":\"10:00\"},{\"id\":6,\"type\":\"time\",\"val\":\"10:30\"},{\"id\":7,\"type\":\"time\",\"val\":\"11:00\"},{\"id\":8,\"type\":\"time\",\"val\":\"11:30\"},{\"id\":9,\"type\":\"time\",\"val\":\"12:00\"},{\"id\":10,\"type\":\"time\",\"val\":\"12:30\"},{\"id\":11,\"type\":\"time\",\"val\":\"13:00\"},{\"id\":12,\"type\":\"time\",\"val\":\"13:30\"},{\"id\":13,\"type\":\"time\",\"val\":\"14:00\"},{\"id\":14,\"type\":\"time\",\"val\":\"14:30\"},{\"id\":15,\"type\":\"time\",\"val\":\"15:00\"},{\"id\":16,\"type\":\"time\",\"val\":\"15:30\"},{\"id\":17,\"type\":\"time\",\"val\":\"16:00\"},{\"id\":18,\"type\":\"time\",\"val\":\"16:30\"},{\"id\":19,\"type\":\"time\",\"val\":\"17:00\"},{\"id\":20,\"type\":\"time\",\"val\":\"17:30\"}]', NULL, '2018-02-11 07:21:41'),
(7, '2018-01-02', 7, '[{\"id\":1,\"type\":\"time\",\"val\":\"8:00\"},{\"id\":2,\"type\":\"time\",\"val\":\"8:30\"},{\"id\":3,\"type\":\"time\",\"val\":\"9:00\"},{\"id\":4,\"type\":\"time\",\"val\":\"9:30\"},{\"id\":5,\"type\":\"time\",\"val\":\"10:00\"},{\"id\":6,\"type\":\"time\",\"val\":\"10:30\"},{\"id\":7,\"type\":\"time\",\"val\":\"11:00\"},{\"id\":8,\"type\":\"time\",\"val\":\"11:30\"},{\"id\":9,\"type\":\"time\",\"val\":\"12:00\"},{\"id\":10,\"type\":\"time\",\"val\":\"12:30\"},{\"id\":11,\"type\":\"time\",\"val\":\"13:00\"},{\"id\":12,\"type\":\"time\",\"val\":\"13:30\"},{\"id\":13,\"type\":\"time\",\"val\":\"14:00\"},{\"id\":14,\"type\":\"time\",\"val\":\"14:30\"},{\"id\":15,\"type\":\"time\",\"val\":\"15:00\"},{\"id\":16,\"type\":\"time\",\"val\":\"15:30\"},{\"id\":17,\"type\":\"time\",\"val\":\"16:00\"},{\"id\":18,\"type\":\"time\",\"val\":\"16:30\"},{\"id\":19,\"type\":\"time\",\"val\":\"17:00\"},{\"id\":20,\"type\":\"time\",\"val\":\"17:30\"}]', NULL, '2018-02-11 07:21:41'),
(8, '2018-01-02', 8, '[{\"id\":1,\"type\":\"time\",\"val\":\"8:00\"},{\"id\":2,\"type\":\"time\",\"val\":\"8:30\"},{\"id\":3,\"type\":\"time\",\"val\":\"9:00\"},{\"id\":4,\"type\":\"time\",\"val\":\"9:30\"},{\"id\":5,\"type\":\"time\",\"val\":\"10:00\"},{\"id\":6,\"type\":\"time\",\"val\":\"10:30\"},{\"id\":7,\"type\":\"time\",\"val\":\"11:00\"},{\"id\":8,\"type\":\"time\",\"val\":\"11:30\"},{\"id\":9,\"type\":\"time\",\"val\":\"12:00\"},{\"id\":10,\"type\":\"time\",\"val\":\"12:30\"},{\"id\":11,\"type\":\"time\",\"val\":\"13:00\"},{\"id\":12,\"type\":\"time\",\"val\":\"13:30\"},{\"id\":13,\"type\":\"time\",\"val\":\"14:00\"},{\"id\":14,\"type\":\"time\",\"val\":\"14:30\"},{\"id\":15,\"type\":\"time\",\"val\":\"15:00\"},{\"id\":16,\"type\":\"time\",\"val\":\"15:30\"},{\"id\":17,\"type\":\"time\",\"val\":\"16:00\"},{\"id\":18,\"type\":\"time\",\"val\":\"16:30\"},{\"id\":19,\"type\":\"time\",\"val\":\"17:00\"},{\"id\":20,\"type\":\"time\",\"val\":\"17:30\"}]', NULL, '2018-02-11 07:21:41'),
(9, '2018-01-02', 9, '[{\"id\":1,\"type\":\"time\",\"val\":\"8:00\"},{\"id\":2,\"type\":\"time\",\"val\":\"8:30\"},{\"id\":3,\"type\":\"time\",\"val\":\"9:00\"},{\"id\":4,\"type\":\"time\",\"val\":\"9:30\"},{\"id\":5,\"type\":\"time\",\"val\":\"10:00\"},{\"id\":6,\"type\":\"time\",\"val\":\"10:30\"},{\"id\":7,\"type\":\"time\",\"val\":\"11:00\"},{\"id\":8,\"type\":\"time\",\"val\":\"11:30\"},{\"id\":9,\"type\":\"time\",\"val\":\"12:00\"},{\"id\":10,\"type\":\"time\",\"val\":\"12:30\"},{\"id\":11,\"type\":\"time\",\"val\":\"13:00\"},{\"id\":12,\"type\":\"time\",\"val\":\"13:30\"},{\"id\":13,\"type\":\"time\",\"val\":\"14:00\"},{\"id\":14,\"type\":\"time\",\"val\":\"14:30\"},{\"id\":15,\"type\":\"time\",\"val\":\"15:00\"},{\"id\":16,\"type\":\"time\",\"val\":\"15:30\"},{\"id\":17,\"type\":\"time\",\"val\":\"16:00\"},{\"id\":18,\"type\":\"time\",\"val\":\"16:30\"},{\"id\":19,\"type\":\"time\",\"val\":\"17:00\"},{\"id\":20,\"type\":\"time\",\"val\":\"17:30\"}]', NULL, '2018-02-11 07:21:41'),
(10, '2018-01-02', 10, '[{\"id\":1,\"type\":\"time\",\"val\":\"8:00\"},{\"id\":2,\"type\":\"time\",\"val\":\"8:30\"},{\"id\":3,\"type\":\"time\",\"val\":\"9:00\"},{\"id\":4,\"type\":\"time\",\"val\":\"9:30\"},{\"id\":5,\"type\":\"time\",\"val\":\"10:00\"},{\"id\":6,\"type\":\"time\",\"val\":\"10:30\"},{\"id\":7,\"type\":\"time\",\"val\":\"11:00\"},{\"id\":8,\"type\":\"time\",\"val\":\"11:30\"},{\"id\":9,\"type\":\"time\",\"val\":\"12:00\"},{\"id\":10,\"type\":\"time\",\"val\":\"12:30\"},{\"id\":11,\"type\":\"time\",\"val\":\"13:00\"},{\"id\":12,\"type\":\"time\",\"val\":\"13:30\"},{\"id\":13,\"type\":\"time\",\"val\":\"14:00\"},{\"id\":14,\"type\":\"time\",\"val\":\"14:30\"},{\"id\":15,\"type\":\"time\",\"val\":\"15:00\"},{\"id\":16,\"type\":\"time\",\"val\":\"15:30\"},{\"id\":17,\"type\":\"time\",\"val\":\"16:00\"},{\"id\":18,\"type\":\"time\",\"val\":\"16:30\"},{\"id\":19,\"type\":\"time\",\"val\":\"17:00\"},{\"id\":20,\"type\":\"time\",\"val\":\"17:30\"}]', NULL, '2018-02-11 07:21:41');

-- --------------------------------------------------------

--
-- Структура таблицы `day_period`
--

CREATE TABLE `day_period` (
  `id` int(11) NOT NULL,
  `name` text,
  `type` text NOT NULL COMMENT 'Тип записи время/текс'
) ENGINE=InnoDB DEFAULT CHARSET=utf8;

--
-- Дамп данных таблицы `day_period`
--

INSERT INTO `day_period` (`id`, `name`, `type`) VALUES
(1, '8:00', 'time'),
(2, '8:30', 'time'),
(3, '9:00', 'time'),
(4, '9:30', 'time'),
(5, '10:00', 'time'),
(6, '10:30', 'time'),
(7, '11:00', 'time'),
(8, '11:30', 'time'),
(9, '12:00', 'time'),
(10, '12:30', 'time'),
(11, '13:00', 'time'),
(12, '13:30', 'time'),
(13, '14:00', 'time'),
(14, '14:30', 'time'),
(15, '15:00', 'time'),
(16, '15:30', 'time'),
(17, '16:00', 'time'),
(18, '16:30', 'time'),
(19, '17:00', 'time'),
(20, '17:30', 'time'),
(21, 'Живая очередь', 'text'),
(22, 'В этот день приёма нет.', 'text');

-- --------------------------------------------------------

--
-- Структура таблицы `doctor`
--

CREATE TABLE `doctor` (
  `id` int(11) NOT NULL,
  `name` varchar(255) NOT NULL COMMENT 'Имя',
  `surname` varchar(255) NOT NULL COMMENT 'Фамилия',
  `patronymic` varchar(255) NOT NULL COMMENT 'Отчество',
  `phone` varchar(255) NOT NULL COMMENT 'Телефон',
  `status_id` int(11) NOT NULL COMMENT 'Статус врача',
  `area_id` int(11) NOT NULL COMMENT 'Отделение',
  `profession_id` int(11) NOT NULL COMMENT 'Специализация',
  `photo` text COMMENT 'Фотография'
) ENGINE=InnoDB DEFAULT CHARSET=utf8;

--
-- Дамп данных таблицы `doctor`
--

INSERT INTO `doctor` (`id`, `name`, `surname`, `patronymic`, `phone`, `status_id`, `area_id`, `profession_id`, `photo`) VALUES
(1, 'Dexter', 'Marlee', 'Hagenes', '', 2, 1, 52, '/image/NO-IMAGE-AVAILABLE-300x300.jpg'),
(2, 'Brady', 'Josianne', 'Hammes', '', 1, 2, 144, '/image/NO-IMAGE-AVAILABLE-300x300.jpg'),
(3, 'Ernestine', 'Alfredo', 'Ziemann', '', 2, 1, 107, '/image/NO-IMAGE-AVAILABLE-300x300.jpg'),
(4, 'Blaise', 'Destini', 'Ledner', '', 3, 4, 83, '/image/NO-IMAGE-AVAILABLE-300x300.jpg'),
(5, 'Tamara', 'Victor', 'Cassin', '', 3, 5, 127, '/image/NO-IMAGE-AVAILABLE-300x300.jpg'),
(6, 'Marina', 'Gabriella', 'McCullough', '', 1, 1, 27, '/image/NO-IMAGE-AVAILABLE-300x300.jpg'),
(7, 'Ressie', 'Leda', 'Muller', '', 1, 2, 83, '/image/NO-IMAGE-AVAILABLE-300x300.jpg'),
(8, 'Gaetano', 'Alfonso', 'Graham', '', 2, 2, 66, '/image/NO-IMAGE-AVAILABLE-300x300.jpg'),
(9, 'Ezekiel', 'Casimir', 'Gottlieb', '', 4, 6, 100, '/image/NO-IMAGE-AVAILABLE-300x300.jpg'),
(10, 'Bianka', 'Zakary', 'Connelly', '', 3, 4, 118, '/image/NO-IMAGE-AVAILABLE-300x300.jpg'),
(11, 'Rodolfo', 'Clementine', 'Beatty', '', 4, 5, 125, '/image/NO-IMAGE-AVAILABLE-300x300.jpg'),
(12, 'Thaddeus', 'Zakary', 'Marquardt', '', 1, 5, 126, '/image/NO-IMAGE-AVAILABLE-300x300.jpg'),
(13, 'Michele', 'Anais', 'Cremin', '', 4, 4, 15, '/image/NO-IMAGE-AVAILABLE-300x300.jpg'),
(14, 'Marcella', 'Lexus', 'Hauck', '', 4, 2, 42, '/image/NO-IMAGE-AVAILABLE-300x300.jpg'),
(15, 'Janiya', 'Alessandro', 'Weimann', '', 2, 6, 117, '/image/NO-IMAGE-AVAILABLE-300x300.jpg'),
(16, 'Ilene', 'Mariano', 'Erdman', '', 4, 4, 5, '/image/NO-IMAGE-AVAILABLE-300x300.jpg'),
(17, 'Triston', 'Janiya', 'Lind', '', 3, 4, 33, '/image/NO-IMAGE-AVAILABLE-300x300.jpg'),
(18, 'Chadd', 'Serenity', 'Toy', '', 2, 3, 11, '/image/NO-IMAGE-AVAILABLE-300x300.jpg'),
(19, 'Gust', 'Nico', 'Prosacco', '', 1, 5, 33, '/image/NO-IMAGE-AVAILABLE-300x300.jpg'),
(20, 'Bertha', 'Christa', 'Mayert', '6666666666666666666', 2, 1, 1, '/images/uploads/2018FebMon/1/5a8144332b1fe/5a8144332bb44.jpg'),
(21, 'Stanton', 'Lizeth', 'Bailey', '', 1, 1, 41, '/image/NO-IMAGE-AVAILABLE-300x300.jpg'),
(22, 'Israel', 'Nicholaus', 'Kub', '', 2, 4, 134, '/image/NO-IMAGE-AVAILABLE-300x300.jpg'),
(23, 'Jaylon', 'Austen', 'Hermiston', '', 4, 1, 101, '/image/NO-IMAGE-AVAILABLE-300x300.jpg'),
(24, 'Jenifer', 'Fletcher', 'Kub', '', 4, 2, 81, '/image/NO-IMAGE-AVAILABLE-300x300.jpg'),
(25, 'Bernardo', 'Maddison', 'Schumm', '', 4, 4, 130, '/image/NO-IMAGE-AVAILABLE-300x300.jpg'),
(26, 'Veronica', 'Claudie', 'Kassulke', '', 2, 5, 102, '/image/NO-IMAGE-AVAILABLE-300x300.jpg'),
(27, 'Camille', 'Rico', 'Casper', '', 4, 3, 144, '/image/NO-IMAGE-AVAILABLE-300x300.jpg'),
(28, 'Marietta', 'Leilani', 'Bernhard', '', 1, 6, 99, '/image/NO-IMAGE-AVAILABLE-300x300.jpg'),
(29, 'Clara', 'Amely', 'Rath', '', 4, 5, 32, '/image/NO-IMAGE-AVAILABLE-300x300.jpg'),
(30, 'Amira', 'Malvina', 'Larson', '', 4, 4, 31, '/image/NO-IMAGE-AVAILABLE-300x300.jpg'),
(31, 'Adonis', 'Damon', 'Bogan', '', 1, 3, 106, '/image/NO-IMAGE-AVAILABLE-300x300.jpg'),
(32, 'Ernest', 'Jammie', 'Daugherty', '', 3, 3, 51, '/image/NO-IMAGE-AVAILABLE-300x300.jpg'),
(33, 'Gretchen', 'Kara', 'Hills', '', 2, 6, 38, '/image/NO-IMAGE-AVAILABLE-300x300.jpg'),
(34, 'Therese', 'Judd', 'Durgan', '', 2, 2, 97, '/image/NO-IMAGE-AVAILABLE-300x300.jpg'),
(35, 'Terry', 'Emily', 'Thompson', '', 1, 6, 22, '/image/NO-IMAGE-AVAILABLE-300x300.jpg'),
(36, 'Ofelia', 'Nona', 'Mosciski', '', 2, 1, 151, '/image/NO-IMAGE-AVAILABLE-300x300.jpg'),
(37, 'Yvette', 'Christophe', 'Stroman', '', 1, 6, 117, '/image/NO-IMAGE-AVAILABLE-300x300.jpg'),
(38, 'Garry', 'Dewayne', 'Green', '', 1, 2, 30, '/image/NO-IMAGE-AVAILABLE-300x300.jpg'),
(39, 'Allan', 'Bell', 'Tremblay', '', 2, 4, 49, '/image/NO-IMAGE-AVAILABLE-300x300.jpg'),
(40, 'Desmond', 'Libbie', 'Rosenbaum', '', 2, 1, 141, '/image/NO-IMAGE-AVAILABLE-300x300.jpg'),
(41, 'Joy', 'Haven', 'Gottlieb', '', 3, 1, 17, '/image/NO-IMAGE-AVAILABLE-300x300.jpg'),
(42, 'Makenzie', 'Annamarie', 'Hagenes', '', 4, 3, 75, '/image/NO-IMAGE-AVAILABLE-300x300.jpg'),
(43, 'Letha', 'Erwin', 'Auer', '', 3, 2, 20, '/image/NO-IMAGE-AVAILABLE-300x300.jpg'),
(44, 'Kristopher', 'Aimee', 'Heaney', '', 3, 1, 8, '/image/NO-IMAGE-AVAILABLE-300x300.jpg'),
(45, 'Elva', 'Lorenzo', 'Renner', '', 4, 1, 36, '/image/NO-IMAGE-AVAILABLE-300x300.jpg'),
(46, 'Rocio', 'Aaron', 'Jenkins', '', 3, 1, 88, '/image/NO-IMAGE-AVAILABLE-300x300.jpg'),
(47, 'Myrtis', 'Augustus', 'Daugherty', '', 3, 4, 33, '/image/NO-IMAGE-AVAILABLE-300x300.jpg'),
(48, 'Uriel', 'Landen', 'Morissette', '', 1, 2, 112, '/image/NO-IMAGE-AVAILABLE-300x300.jpg'),
(49, 'Reggie', 'Consuelo', 'Jenkins', '', 4, 3, 86, '/image/NO-IMAGE-AVAILABLE-300x300.jpg'),
(50, 'Alexanne', 'Ryan', 'Medhurst', '', 3, 6, 4, '/image/NO-IMAGE-AVAILABLE-300x300.jpg'),
(51, 'Dimitri', 'Travis', 'Farrell', '', 3, 3, 29, '/image/NO-IMAGE-AVAILABLE-300x300.jpg'),
(52, 'Carol', 'Vicenta', 'Kreiger', '', 2, 1, 55, '/image/NO-IMAGE-AVAILABLE-300x300.jpg'),
(53, 'Brain', 'Jaime', 'Hand', '', 1, 3, 27, '/image/NO-IMAGE-AVAILABLE-300x300.jpg'),
(54, 'Chelsea', 'Greg', 'Mohr', '', 4, 3, 37, '/image/NO-IMAGE-AVAILABLE-300x300.jpg'),
(55, 'Clotilde', 'Cloyd', 'Mann', '', 4, 2, 103, '/image/NO-IMAGE-AVAILABLE-300x300.jpg'),
(56, 'Justyn', 'Gideon', 'Ziemann', '', 2, 4, 96, '/image/NO-IMAGE-AVAILABLE-300x300.jpg'),
(57, 'Chase', 'Charles', 'Bradtke', '', 1, 3, 47, '/image/NO-IMAGE-AVAILABLE-300x300.jpg'),
(58, 'Krystal', 'Taylor', 'Cole', '', 2, 5, 130, '/image/NO-IMAGE-AVAILABLE-300x300.jpg'),
(59, 'Maurine', 'Wilfrid', 'Zulauf', '', 3, 6, 127, '/image/NO-IMAGE-AVAILABLE-300x300.jpg'),
(60, 'Kayden', 'Kristina', 'Schuppe', '', 2, 2, 68, '/image/NO-IMAGE-AVAILABLE-300x300.jpg'),
(61, 'Dorcas', 'Tito', 'Effertz', '', 3, 6, 45, '/image/NO-IMAGE-AVAILABLE-300x300.jpg'),
(62, 'Caterina', 'Freddie', 'Osinski', '', 1, 5, 123, '/image/NO-IMAGE-AVAILABLE-300x300.jpg'),
(63, 'Britney', 'Hershel', 'Bernier', '', 4, 1, 100, '/image/NO-IMAGE-AVAILABLE-300x300.jpg'),
(64, 'Leora', 'Gage', 'Schulist', '', 3, 2, 11, '/image/NO-IMAGE-AVAILABLE-300x300.jpg'),
(65, 'Jennyfer', 'Shaun', 'Kuphal', '', 2, 3, 59, '/image/NO-IMAGE-AVAILABLE-300x300.jpg'),
(66, 'Ferne', 'Daphne', 'Adams', '', 2, 4, 42, '/image/NO-IMAGE-AVAILABLE-300x300.jpg'),
(67, 'Ophelia', 'Raleigh', 'Hessel', '', 3, 1, 61, '/image/NO-IMAGE-AVAILABLE-300x300.jpg'),
(68, 'Caroline', 'Santino', 'Mitchell', '', 2, 4, 62, '/image/NO-IMAGE-AVAILABLE-300x300.jpg'),
(69, 'Britney', 'Coralie', 'Effertz', '', 2, 3, 28, '/image/NO-IMAGE-AVAILABLE-300x300.jpg'),
(70, 'Garth', 'Theodore', 'Veum', '', 1, 6, 107, '/image/NO-IMAGE-AVAILABLE-300x300.jpg'),
(71, 'Brant', 'Meda', 'Orn', '', 3, 4, 111, '/image/NO-IMAGE-AVAILABLE-300x300.jpg'),
(72, 'Loyce', 'Marjorie', 'Bode', '', 2, 5, 9, '/image/NO-IMAGE-AVAILABLE-300x300.jpg'),
(73, 'Hassie', 'Shad', 'Stark', '', 1, 6, 81, '/image/NO-IMAGE-AVAILABLE-300x300.jpg'),
(74, 'Buford', 'Keira', 'Schuppe', '', 1, 6, 50, '/image/NO-IMAGE-AVAILABLE-300x300.jpg'),
(75, 'Lorenzo', 'Jessika', 'Greenholt', '', 1, 2, 91, '/image/NO-IMAGE-AVAILABLE-300x300.jpg'),
(76, 'Jermey', 'Rachel', 'Vandervort', '', 1, 4, 141, '/image/NO-IMAGE-AVAILABLE-300x300.jpg'),
(77, 'Sydnee', 'Dianna', 'Bogan', '', 2, 2, 24, '/image/NO-IMAGE-AVAILABLE-300x300.jpg'),
(78, 'Oren', 'Beau', 'Upton', '', 2, 6, 31, '/image/NO-IMAGE-AVAILABLE-300x300.jpg'),
(79, 'Stefan', 'Roger', 'McClure', '', 1, 5, 59, '/image/NO-IMAGE-AVAILABLE-300x300.jpg'),
(80, 'Micah', 'Marlee', 'Monahan', '', 4, 4, 30, '/image/NO-IMAGE-AVAILABLE-300x300.jpg'),
(81, 'Rosalind', 'Don', 'Osinski', '', 4, 5, 23, '/image/NO-IMAGE-AVAILABLE-300x300.jpg'),
(82, 'Jamar', 'Geraldine', 'King', '', 1, 5, 150, '/image/NO-IMAGE-AVAILABLE-300x300.jpg'),
(83, 'Rebeca', 'Onie', 'Bradtke', '', 3, 1, 111, '/image/NO-IMAGE-AVAILABLE-300x300.jpg'),
(84, 'Lonie', 'Emile', 'Lesch', '', 1, 2, 34, '/image/NO-IMAGE-AVAILABLE-300x300.jpg'),
(85, 'Richard', 'Carmela', 'Huel', '', 2, 3, 76, '/image/NO-IMAGE-AVAILABLE-300x300.jpg'),
(86, 'Fannie', 'Shemar', 'Nienow', '', 4, 2, 49, '/image/NO-IMAGE-AVAILABLE-300x300.jpg'),
(87, 'Keshaun', 'Kenna', 'Walker', '', 3, 5, 38, '/image/NO-IMAGE-AVAILABLE-300x300.jpg'),
(88, 'Stacey', 'Jeramy', 'Borer', '', 3, 3, 138, '/image/NO-IMAGE-AVAILABLE-300x300.jpg'),
(89, 'Elton', 'Abigayle', 'Kshlerin', '', 3, 2, 85, '/image/NO-IMAGE-AVAILABLE-300x300.jpg'),
(90, 'Cleora', 'Gloria', 'Hettinger', '', 2, 5, 29, '/image/NO-IMAGE-AVAILABLE-300x300.jpg'),
(91, 'Brennon', 'Kacie', 'Friesen', '', 1, 3, 109, '/image/NO-IMAGE-AVAILABLE-300x300.jpg'),
(92, 'Katlyn', 'Lelah', 'Rice', '', 2, 5, 8, '/image/NO-IMAGE-AVAILABLE-300x300.jpg'),
(93, 'Malvina', 'Micaela', 'Gorczany', '', 3, 2, 144, '/image/NO-IMAGE-AVAILABLE-300x300.jpg'),
(94, 'Everette', 'Otho', 'Beatty', '', 4, 1, 147, '/image/NO-IMAGE-AVAILABLE-300x300.jpg'),
(95, 'Devin', 'Abelardo', 'Goodwin', '', 2, 4, 49, '/image/NO-IMAGE-AVAILABLE-300x300.jpg'),
(96, 'Eden', 'Sidney', 'Daugherty', '', 1, 3, 52, '/image/NO-IMAGE-AVAILABLE-300x300.jpg'),
(97, 'Toni', 'Catharine', 'Stoltenberg', '', 1, 5, 64, '/image/NO-IMAGE-AVAILABLE-300x300.jpg'),
(98, 'Boris', 'Heidi', 'Koss', '', 1, 4, 16, '/image/NO-IMAGE-AVAILABLE-300x300.jpg'),
(99, 'Russ', 'Gabrielle', 'Wisozk', '', 3, 6, 115, '/image/NO-IMAGE-AVAILABLE-300x300.jpg'),
(100, 'Jaydon', 'Vesta', 'Considine', '', 1, 6, 64, '/image/NO-IMAGE-AVAILABLE-300x300.jpg'),
(101, 'Destin', 'Florence', 'Beahan', '', 2, 4, 100, '/image/NO-IMAGE-AVAILABLE-300x300.jpg'),
(102, 'Shane', 'Ronny', 'Gibson', '', 2, 1, 22, '/image/NO-IMAGE-AVAILABLE-300x300.jpg'),
(103, 'Clemens', 'Ova', 'Reinger', '', 4, 2, 118, '/image/NO-IMAGE-AVAILABLE-300x300.jpg'),
(104, 'Kaleb', 'Jose', 'Bechtelar', '', 2, 6, 67, '/image/NO-IMAGE-AVAILABLE-300x300.jpg'),
(105, 'Merritt', 'Genevieve', 'O\'Keefe', '', 2, 1, 152, '/image/NO-IMAGE-AVAILABLE-300x300.jpg'),
(106, 'Lavon', 'Jermaine', 'Pagac', '', 2, 2, 36, '/image/NO-IMAGE-AVAILABLE-300x300.jpg'),
(107, 'Halie', 'Favian', 'Lubowitz', '', 2, 2, 132, '/image/NO-IMAGE-AVAILABLE-300x300.jpg'),
(108, 'Alden', 'Rachel', 'Lind', '', 1, 1, 74, '/image/NO-IMAGE-AVAILABLE-300x300.jpg'),
(109, 'Alexander', 'Janet', 'Price', '', 4, 6, 35, '/image/NO-IMAGE-AVAILABLE-300x300.jpg'),
(110, 'Neal', 'Dora', 'Greenholt', '', 1, 6, 63, '/image/NO-IMAGE-AVAILABLE-300x300.jpg'),
(111, 'Sean', 'Maximilian', 'Heaney', '', 1, 4, 119, '/image/NO-IMAGE-AVAILABLE-300x300.jpg'),
(112, 'Ross', 'Graham', 'Medhurst', '', 1, 3, 69, '/image/NO-IMAGE-AVAILABLE-300x300.jpg'),
(113, 'Warren', 'Paris', 'Kassulke', '', 4, 6, 45, '/image/NO-IMAGE-AVAILABLE-300x300.jpg'),
(114, 'Malachi', 'Brad', 'Abbott', '', 3, 6, 119, '/image/NO-IMAGE-AVAILABLE-300x300.jpg'),
(115, 'Elinor', 'Maria', 'Bechtelar', '', 4, 3, 124, '/image/NO-IMAGE-AVAILABLE-300x300.jpg'),
(116, 'Colt', 'Geovanni', 'Hermann', '', 2, 4, 9, '/image/NO-IMAGE-AVAILABLE-300x300.jpg'),
(117, 'Karianne', 'Dean', 'Donnelly', '', 3, 3, 78, '/image/NO-IMAGE-AVAILABLE-300x300.jpg'),
(118, 'Tyra', 'Raegan', 'West', '', 3, 3, 141, '/image/NO-IMAGE-AVAILABLE-300x300.jpg'),
(119, 'Baylee', 'Elsa', 'McDermott', '', 1, 6, 99, '/image/NO-IMAGE-AVAILABLE-300x300.jpg'),
(120, 'Felipa', 'Ryann', 'Jast', '', 4, 5, 55, '/image/NO-IMAGE-AVAILABLE-300x300.jpg'),
(121, 'Sonia', 'Lonzo', 'Rippin', '', 1, 6, 32, '/image/NO-IMAGE-AVAILABLE-300x300.jpg'),
(122, 'Layne', 'Era', 'Ernser', '', 4, 6, 141, '/image/NO-IMAGE-AVAILABLE-300x300.jpg'),
(123, 'Lisandro', 'Mozelle', 'Schroeder', '', 2, 4, 42, '/image/NO-IMAGE-AVAILABLE-300x300.jpg'),
(124, 'Tabitha', 'Enid', 'Bashirian', '', 2, 3, 4, '/image/NO-IMAGE-AVAILABLE-300x300.jpg'),
(125, 'Sallie', 'Brady', 'Sauer', '', 2, 2, 85, '/image/NO-IMAGE-AVAILABLE-300x300.jpg'),
(126, 'Tomasa', 'Johathan', 'Davis', '', 4, 6, 55, '/image/NO-IMAGE-AVAILABLE-300x300.jpg'),
(127, 'Arlo', 'Darren', 'Greenholt', '', 3, 4, 38, '/image/NO-IMAGE-AVAILABLE-300x300.jpg'),
(128, 'Esta', 'Sammie', 'Cassin', '', 4, 6, 16, '/image/NO-IMAGE-AVAILABLE-300x300.jpg'),
(129, 'Domenick', 'Kevin', 'Greenfelder', '', 3, 5, 81, '/image/NO-IMAGE-AVAILABLE-300x300.jpg'),
(130, 'Jadon', 'Johnnie', 'Botsford', '', 2, 1, 3, '/image/NO-IMAGE-AVAILABLE-300x300.jpg'),
(131, 'Seamus', 'Jaquelin', 'Smitham', '', 2, 2, 130, '/image/NO-IMAGE-AVAILABLE-300x300.jpg'),
(132, 'Guadalupe', 'Andrew', 'Brekke', '', 3, 1, 41, '/image/NO-IMAGE-AVAILABLE-300x300.jpg'),
(133, 'Stewart', 'Skyla', 'Koelpin', '', 4, 2, 77, '/image/NO-IMAGE-AVAILABLE-300x300.jpg'),
(134, 'Margret', 'Jamarcus', 'Kohler', '', 1, 1, 115, '/image/NO-IMAGE-AVAILABLE-300x300.jpg'),
(135, 'Marcel', 'Nels', 'Fritsch', '', 2, 5, 21, '/image/NO-IMAGE-AVAILABLE-300x300.jpg'),
(136, 'Adah', 'Marietta', 'Denesik', '', 1, 4, 48, '/image/NO-IMAGE-AVAILABLE-300x300.jpg'),
(137, 'Nola', 'Queenie', 'Ward', '', 3, 6, 105, '/image/NO-IMAGE-AVAILABLE-300x300.jpg'),
(138, 'America', 'Toney', 'Mayert', '', 4, 2, 57, '/image/NO-IMAGE-AVAILABLE-300x300.jpg'),
(139, 'Isobel', 'Vernice', 'Schuster', '', 3, 4, 30, '/image/NO-IMAGE-AVAILABLE-300x300.jpg'),
(140, 'Noemi', 'Johan', 'Raynor', '', 4, 1, 107, '/image/NO-IMAGE-AVAILABLE-300x300.jpg'),
(141, 'Liliane', 'Zoila', 'Tremblay', '', 1, 6, 18, '/image/NO-IMAGE-AVAILABLE-300x300.jpg'),
(142, 'Tremayne', 'Jackie', 'Fadel', '', 1, 5, 106, '/image/NO-IMAGE-AVAILABLE-300x300.jpg'),
(143, 'Torrance', 'Lafayette', 'Wintheiser', '', 4, 3, 104, '/image/NO-IMAGE-AVAILABLE-300x300.jpg'),
(144, 'Colt', 'Jefferey', 'Pollich', '', 4, 2, 70, '/image/NO-IMAGE-AVAILABLE-300x300.jpg'),
(145, 'Gonzalo', 'Lisandro', 'Bashirian', '', 1, 1, 91, '/image/NO-IMAGE-AVAILABLE-300x300.jpg'),
(146, 'Ryan', 'Kavon', 'Koelpin', '', 2, 2, 49, '/image/NO-IMAGE-AVAILABLE-300x300.jpg'),
(147, 'Velma', 'Donald', 'Fisher', '', 3, 5, 60, '/image/NO-IMAGE-AVAILABLE-300x300.jpg'),
(148, 'Wilbert', 'Angel', 'Haag', '', 2, 6, 23, '/image/NO-IMAGE-AVAILABLE-300x300.jpg'),
(149, 'Abdul', 'Keeley', 'Robel', '', 3, 6, 106, '/image/NO-IMAGE-AVAILABLE-300x300.jpg'),
(150, 'Ophelia', 'Pasquale', 'Upton', '', 4, 4, 87, '/image/NO-IMAGE-AVAILABLE-300x300.jpg'),
(151, 'Carmella', 'Jalyn', 'Walsh', '', 4, 2, 111, '/image/NO-IMAGE-AVAILABLE-300x300.jpg'),
(152, 'Marisa', 'Hilma', 'Swift', '', 3, 3, 55, '/image/NO-IMAGE-AVAILABLE-300x300.jpg'),
(153, 'Cyrus', 'Marianne', 'Blick', '', 2, 2, 147, '/image/NO-IMAGE-AVAILABLE-300x300.jpg'),
(154, 'Tierra', 'Leonie', 'Hartmann', '', 3, 3, 42, '/image/NO-IMAGE-AVAILABLE-300x300.jpg'),
(155, 'Felicita', 'Richard', 'Skiles', '', 2, 6, 126, '/image/NO-IMAGE-AVAILABLE-300x300.jpg'),
(156, 'Rupert', 'Gertrude', 'Shanahan', '', 3, 4, 125, '/image/NO-IMAGE-AVAILABLE-300x300.jpg'),
(157, 'Akeem', 'Isadore', 'Medhurst', '', 3, 2, 24, '/image/NO-IMAGE-AVAILABLE-300x300.jpg'),
(158, 'Carey', 'Heber', 'Lueilwitz', '', 1, 4, 145, '/image/NO-IMAGE-AVAILABLE-300x300.jpg'),
(159, 'Amani', 'Elmore', 'Swaniawski', '', 1, 2, 99, '/image/NO-IMAGE-AVAILABLE-300x300.jpg'),
(160, 'Newton', 'Lilla', 'Gulgowski', '', 1, 3, 47, '/image/NO-IMAGE-AVAILABLE-300x300.jpg'),
(161, 'Irving', 'Kurtis', 'Lynch', '', 2, 1, 78, '/image/NO-IMAGE-AVAILABLE-300x300.jpg'),
(162, 'Earnestine', 'Jayda', 'Schaefer', '', 1, 6, 44, '/image/NO-IMAGE-AVAILABLE-300x300.jpg'),
(163, 'Arjun', 'Zetta', 'Marquardt', '', 2, 6, 95, '/image/NO-IMAGE-AVAILABLE-300x300.jpg'),
(164, 'Trystan', 'Maritza', 'Schoen', '', 2, 3, 30, '/image/NO-IMAGE-AVAILABLE-300x300.jpg'),
(165, 'Tatum', 'Kennedi', 'Batz', '', 3, 2, 43, '/image/NO-IMAGE-AVAILABLE-300x300.jpg'),
(166, 'Morton', 'Antonette', 'Breitenberg', '', 3, 6, 73, '/image/NO-IMAGE-AVAILABLE-300x300.jpg'),
(167, 'Shaina', 'Magnolia', 'Abbott', '', 4, 5, 2, '/image/NO-IMAGE-AVAILABLE-300x300.jpg'),
(168, 'Antonietta', 'Travon', 'Wolf', '', 1, 1, 101, '/image/NO-IMAGE-AVAILABLE-300x300.jpg'),
(169, 'Kelli', 'Antonina', 'Heller', '', 3, 3, 143, '/image/NO-IMAGE-AVAILABLE-300x300.jpg'),
(170, 'Emmalee', 'Caesar', 'Sporer', '', 1, 4, 43, '/image/NO-IMAGE-AVAILABLE-300x300.jpg'),
(171, 'Fredrick', 'Jakayla', 'Ernser', '', 1, 1, 19, '/image/NO-IMAGE-AVAILABLE-300x300.jpg'),
(172, 'Missouri', 'Herta', 'Kovacek', '', 4, 2, 133, '/image/NO-IMAGE-AVAILABLE-300x300.jpg'),
(173, 'Justice', 'Jaren', 'Funk', '', 3, 3, 88, '/image/NO-IMAGE-AVAILABLE-300x300.jpg'),
(174, 'Chelsey', 'Tess', 'Hodkiewicz', '', 2, 4, 41, '/image/NO-IMAGE-AVAILABLE-300x300.jpg'),
(175, 'Theodore', 'Kennedi', 'Swaniawski', '', 2, 1, 25, '/image/NO-IMAGE-AVAILABLE-300x300.jpg'),
(176, 'Kenyatta', 'Bradford', 'Herman', '', 4, 2, 39, '/image/NO-IMAGE-AVAILABLE-300x300.jpg'),
(177, 'Zetta', 'Olga', 'Koch', '', 4, 5, 151, '/image/NO-IMAGE-AVAILABLE-300x300.jpg'),
(178, 'Wava', 'Delores', 'Barton', '', 4, 6, 57, '/image/NO-IMAGE-AVAILABLE-300x300.jpg'),
(179, 'Wilhelmine', 'Scotty', 'Leffler', '', 3, 3, 66, '/image/NO-IMAGE-AVAILABLE-300x300.jpg'),
(180, 'Luis', 'Estevan', 'Buckridge', '', 1, 2, 76, '/image/NO-IMAGE-AVAILABLE-300x300.jpg'),
(181, 'Brown', 'Reggie', 'Schoen', '', 4, 5, 10, '/image/NO-IMAGE-AVAILABLE-300x300.jpg'),
(182, 'Camron', 'Afton', 'Koelpin', '', 3, 5, 8, '/image/NO-IMAGE-AVAILABLE-300x300.jpg'),
(183, 'Zachariah', 'Lavern', 'Marvin', '', 2, 4, 129, '/image/NO-IMAGE-AVAILABLE-300x300.jpg'),
(184, 'Yolanda', 'Jailyn', 'Bode', '', 2, 2, 3, '/image/NO-IMAGE-AVAILABLE-300x300.jpg'),
(185, 'Eudora', 'Glenna', 'Erdman', '', 1, 3, 100, '/image/NO-IMAGE-AVAILABLE-300x300.jpg'),
(186, 'Sandrine', 'Barrett', 'Konopelski', '', 3, 5, 137, '/image/NO-IMAGE-AVAILABLE-300x300.jpg'),
(187, 'Lelia', 'Dameon', 'Jenkins', '', 4, 4, 58, '/image/NO-IMAGE-AVAILABLE-300x300.jpg'),
(188, 'Jeramy', 'Bennie', 'Morissette', '', 2, 1, 63, '/image/NO-IMAGE-AVAILABLE-300x300.jpg'),
(189, 'Vidal', 'Adella', 'Schmeler', '', 3, 6, 1, '/image/NO-IMAGE-AVAILABLE-300x300.jpg'),
(190, 'Alba', 'Alison', 'Lakin', '', 1, 6, 140, '/image/NO-IMAGE-AVAILABLE-300x300.jpg'),
(191, 'Elnora', 'Earnest', 'Kuvalis', '', 3, 6, 17, '/image/NO-IMAGE-AVAILABLE-300x300.jpg'),
(192, 'Alan', 'Elmer', 'Bins', '', 1, 5, 133, '/image/NO-IMAGE-AVAILABLE-300x300.jpg'),
(193, 'Deja', 'Rodolfo', 'Rodriguez', '', 3, 2, 32, '/image/NO-IMAGE-AVAILABLE-300x300.jpg'),
(194, 'Bud', 'Lavern', 'Watsica', '', 2, 3, 45, '/image/NO-IMAGE-AVAILABLE-300x300.jpg'),
(195, 'Eugene', 'Jeremy', 'Wisoky', '', 3, 5, 12, '/image/NO-IMAGE-AVAILABLE-300x300.jpg'),
(196, 'Carol', 'Audie', 'Langosh', '', 3, 5, 82, '/image/NO-IMAGE-AVAILABLE-300x300.jpg'),
(197, 'Constance', 'Joel', 'Mills', '', 1, 5, 44, '/image/NO-IMAGE-AVAILABLE-300x300.jpg'),
(198, 'Mitchell', 'Davion', 'Torp', '', 2, 2, 19, '/image/NO-IMAGE-AVAILABLE-300x300.jpg'),
(199, 'Justen', 'Amy', 'Haag', '', 2, 6, 4, '/image/NO-IMAGE-AVAILABLE-300x300.jpg'),
(200, 'Stephanie', 'Marisa', 'Hansen', '', 4, 6, 145, '/image/NO-IMAGE-AVAILABLE-300x300.jpg'),
(201, 'Jean', 'Emerald', 'Tremblay', '', 2, 5, 138, '/image/NO-IMAGE-AVAILABLE-300x300.jpg'),
(202, 'Shirley', 'Marilie', 'Schuster', '', 3, 3, 96, '/image/NO-IMAGE-AVAILABLE-300x300.jpg'),
(203, 'Margarete', 'Cordelia', 'Blick', '', 4, 2, 132, '/image/NO-IMAGE-AVAILABLE-300x300.jpg'),
(204, 'Heath', 'Javonte', 'Hane', '', 1, 4, 136, '/image/NO-IMAGE-AVAILABLE-300x300.jpg'),
(205, 'Gaylord', 'Jessika', 'Maggio', '', 3, 4, 14, '/image/NO-IMAGE-AVAILABLE-300x300.jpg'),
(206, 'Gerson', 'Sim', 'Jones', '', 3, 5, 36, '/image/NO-IMAGE-AVAILABLE-300x300.jpg'),
(207, 'Tracy', 'Agnes', 'Corkery', '', 1, 4, 31, '/image/NO-IMAGE-AVAILABLE-300x300.jpg'),
(208, 'Adah', 'Myrl', 'Barton', '', 1, 5, 14, '/image/NO-IMAGE-AVAILABLE-300x300.jpg'),
(209, 'Barry', 'Katheryn', 'Rolfson', '', 1, 1, 93, '/image/NO-IMAGE-AVAILABLE-300x300.jpg'),
(210, 'Bruce', 'Lessie', 'Bosco', '', 4, 1, 11, '/image/NO-IMAGE-AVAILABLE-300x300.jpg'),
(211, 'Jennyfer', 'Delaney', 'Sporer', '', 1, 2, 136, '/image/NO-IMAGE-AVAILABLE-300x300.jpg'),
(212, 'Maureen', 'Rico', 'Stokes', '', 3, 4, 107, '/image/NO-IMAGE-AVAILABLE-300x300.jpg'),
(213, 'Sadye', 'Wilhelm', 'Mann', '', 4, 4, 54, '/image/NO-IMAGE-AVAILABLE-300x300.jpg'),
(214, 'Zachery', 'Robbie', 'Botsford', '', 4, 2, 68, '/image/NO-IMAGE-AVAILABLE-300x300.jpg'),
(215, 'Mabelle', 'Tyree', 'Robel', '', 3, 6, 112, '/image/NO-IMAGE-AVAILABLE-300x300.jpg'),
(216, 'Green', 'Maybelle', 'Predovic', '', 3, 1, 131, '/image/NO-IMAGE-AVAILABLE-300x300.jpg'),
(217, 'Josiah', 'Efren', 'Rippin', '', 2, 6, 91, '/image/NO-IMAGE-AVAILABLE-300x300.jpg'),
(218, 'Miles', 'Mariane', 'Kuhn', '', 3, 3, 65, '/image/NO-IMAGE-AVAILABLE-300x300.jpg'),
(219, 'Callie', 'Esperanza', 'Hoppe', '', 4, 3, 143, '/image/NO-IMAGE-AVAILABLE-300x300.jpg'),
(220, 'Tyson', 'Leanne', 'Watsica', '', 1, 5, 135, '/image/NO-IMAGE-AVAILABLE-300x300.jpg'),
(221, 'Dell', 'Warren', 'Cole', '', 4, 6, 45, '/image/NO-IMAGE-AVAILABLE-300x300.jpg'),
(222, 'Julie', 'Abel', 'Feeney', '', 4, 6, 44, '/image/NO-IMAGE-AVAILABLE-300x300.jpg'),
(223, 'Thomas', 'Jorge', 'Jenkins', '', 4, 6, 33, '/image/NO-IMAGE-AVAILABLE-300x300.jpg'),
(224, 'Dock', 'Marshall', 'Cummerata', '', 4, 6, 136, '/image/NO-IMAGE-AVAILABLE-300x300.jpg'),
(225, 'Constantin', 'Tracy', 'Douglas', '', 4, 1, 4, '/image/NO-IMAGE-AVAILABLE-300x300.jpg'),
(226, 'Jackie', 'Jacquelyn', 'Klocko', '', 3, 4, 142, '/image/NO-IMAGE-AVAILABLE-300x300.jpg'),
(227, 'Winona', 'Dee', 'Keeling', '', 3, 6, 46, '/image/NO-IMAGE-AVAILABLE-300x300.jpg'),
(228, 'Verla', 'Karli', 'Denesik', '', 4, 6, 59, '/image/NO-IMAGE-AVAILABLE-300x300.jpg'),
(229, 'Peggie', 'Hettie', 'Fritsch', '', 4, 3, 84, '/image/NO-IMAGE-AVAILABLE-300x300.jpg'),
(230, 'Novella', 'Maxwell', 'Lemke', '', 4, 2, 4, '/image/NO-IMAGE-AVAILABLE-300x300.jpg'),
(231, 'Queenie', 'Haley', 'Reilly', '', 2, 1, 95, '/image/NO-IMAGE-AVAILABLE-300x300.jpg'),
(232, 'Nichole', 'Bobby', 'O\'Connell', '', 1, 1, 136, '/image/NO-IMAGE-AVAILABLE-300x300.jpg'),
(233, 'Ima', 'Amely', 'Harvey', '', 4, 2, 5, '/image/NO-IMAGE-AVAILABLE-300x300.jpg'),
(234, 'Zola', 'Vernice', 'Grady', '', 4, 1, 69, '/image/NO-IMAGE-AVAILABLE-300x300.jpg'),
(235, 'Vallie', 'Harrison', 'Osinski', '', 2, 5, 2, '/image/NO-IMAGE-AVAILABLE-300x300.jpg'),
(236, 'Alek', 'Reymundo', 'Shields', '', 4, 6, 53, '/image/NO-IMAGE-AVAILABLE-300x300.jpg'),
(237, 'Devyn', 'Raymond', 'Jacobson', '', 2, 5, 113, '/image/NO-IMAGE-AVAILABLE-300x300.jpg'),
(238, 'Kenna', 'Dorthy', 'Green', '', 3, 2, 102, '/image/NO-IMAGE-AVAILABLE-300x300.jpg'),
(239, 'Justice', 'Avis', 'Runte', '', 3, 1, 149, '/image/NO-IMAGE-AVAILABLE-300x300.jpg'),
(240, 'Trycia', 'Augusta', 'Schimmel', '', 3, 6, 16, '/image/NO-IMAGE-AVAILABLE-300x300.jpg'),
(241, 'Vladimir', 'Sophia', 'McCullough', '', 2, 5, 113, '/image/NO-IMAGE-AVAILABLE-300x300.jpg'),
(242, 'Lonnie', 'Zackery', 'Kihn', '', 3, 6, 41, '/image/NO-IMAGE-AVAILABLE-300x300.jpg'),
(243, 'Cordell', 'Maynard', 'Spencer', '', 1, 3, 130, '/image/NO-IMAGE-AVAILABLE-300x300.jpg'),
(244, 'Bobby', 'Antwan', 'Little', '', 2, 4, 88, '/image/NO-IMAGE-AVAILABLE-300x300.jpg'),
(245, 'Evan', 'Tyree', 'Funk', '', 3, 3, 122, '/image/NO-IMAGE-AVAILABLE-300x300.jpg'),
(246, 'Gabriel', 'Darrin', 'Bernier', '', 3, 4, 113, '/image/NO-IMAGE-AVAILABLE-300x300.jpg'),
(247, 'Abraham', 'Isabelle', 'Friesen', '', 2, 2, 65, '/image/NO-IMAGE-AVAILABLE-300x300.jpg'),
(248, 'Aisha', 'Rita', 'Greenholt', '', 1, 2, 145, '/image/NO-IMAGE-AVAILABLE-300x300.jpg'),
(249, 'Gladyce', 'Jess', 'Hickle', '', 1, 2, 118, '/image/NO-IMAGE-AVAILABLE-300x300.jpg'),
(250, 'Reid', 'Christelle', 'Kassulke', '', 2, 4, 64, '/image/NO-IMAGE-AVAILABLE-300x300.jpg'),
(251, 'Josiah', 'Daphne', 'Mohr', '', 1, 6, 136, '/image/NO-IMAGE-AVAILABLE-300x300.jpg'),
(252, 'Jayde', 'Mathew', 'Huels', '', 4, 1, 115, '/image/NO-IMAGE-AVAILABLE-300x300.jpg'),
(253, 'Tiara', 'Geovanny', 'Schumm', '', 3, 2, 20, '/image/NO-IMAGE-AVAILABLE-300x300.jpg'),
(254, 'Angelita', 'Wilmer', 'Schuppe', '', 1, 2, 87, '/image/NO-IMAGE-AVAILABLE-300x300.jpg'),
(255, 'Frieda', 'Cloyd', 'Waelchi', '', 4, 6, 122, '/image/NO-IMAGE-AVAILABLE-300x300.jpg'),
(256, 'Trever', 'Haylie', 'Hudson', '', 1, 6, 5, '/image/NO-IMAGE-AVAILABLE-300x300.jpg'),
(257, 'Nedra', 'Reinhold', 'Anderson', '', 3, 2, 29, '/image/NO-IMAGE-AVAILABLE-300x300.jpg'),
(258, 'Hudson', 'Colten', 'Johns', '', 3, 2, 117, '/image/NO-IMAGE-AVAILABLE-300x300.jpg'),
(259, 'Erich', 'Trisha', 'Littel', '', 4, 2, 113, '/image/NO-IMAGE-AVAILABLE-300x300.jpg'),
(260, 'Royce', 'Merl', 'Stracke', '', 1, 4, 104, '/image/NO-IMAGE-AVAILABLE-300x300.jpg'),
(261, 'Danika', 'Alexandro', 'Denesik', '', 4, 3, 125, '/image/NO-IMAGE-AVAILABLE-300x300.jpg'),
(262, 'Oleta', 'Eden', 'Grant', '', 2, 3, 67, '/image/NO-IMAGE-AVAILABLE-300x300.jpg'),
(263, 'Lawson', 'Mireya', 'Pfannerstill', '', 2, 6, 36, '/image/NO-IMAGE-AVAILABLE-300x300.jpg'),
(264, 'Ruthe', 'Richie', 'Kutch', '', 2, 2, 68, '/image/NO-IMAGE-AVAILABLE-300x300.jpg'),
(265, 'Dejah', 'Brenna', 'Schamberger', '', 4, 1, 111, '/image/NO-IMAGE-AVAILABLE-300x300.jpg'),
(266, 'Jude', 'Estell', 'Powlowski', '', 2, 1, 24, '/image/NO-IMAGE-AVAILABLE-300x300.jpg'),
(267, 'Bartholome', 'Alanis', 'Yundt', '', 1, 1, 64, '/image/NO-IMAGE-AVAILABLE-300x300.jpg'),
(268, 'Norris', 'Viviane', 'Kiehn', '', 3, 5, 90, '/image/NO-IMAGE-AVAILABLE-300x300.jpg'),
(269, 'Estrella', 'Cleve', 'Skiles', '', 2, 2, 52, '/image/NO-IMAGE-AVAILABLE-300x300.jpg'),
(270, 'Elwyn', 'Sean', 'Pollich', '', 4, 4, 52, '/image/NO-IMAGE-AVAILABLE-300x300.jpg'),
(271, 'Alva', 'Marlon', 'Franecki', '', 2, 3, 66, '/image/NO-IMAGE-AVAILABLE-300x300.jpg'),
(272, 'Joyce', 'Emerald', 'Ferry', '', 3, 6, 89, '/image/NO-IMAGE-AVAILABLE-300x300.jpg'),
(273, 'Mossie', 'Carolyne', 'Gislason', '', 2, 1, 118, '/image/NO-IMAGE-AVAILABLE-300x300.jpg'),
(274, 'Marcelina', 'Merle', 'Marvin', '', 3, 4, 83, '/image/NO-IMAGE-AVAILABLE-300x300.jpg'),
(275, 'Kacie', 'Roman', 'Kris', '', 2, 4, 102, '/image/NO-IMAGE-AVAILABLE-300x300.jpg'),
(276, 'Lorna', 'Summer', 'Denesik', '', 4, 6, 80, '/image/NO-IMAGE-AVAILABLE-300x300.jpg'),
(277, 'Brain', 'Maribel', 'Senger', '', 4, 4, 140, '/image/NO-IMAGE-AVAILABLE-300x300.jpg'),
(278, 'Gerard', 'Isabell', 'Gorczany', '', 1, 6, 69, '/image/NO-IMAGE-AVAILABLE-300x300.jpg'),
(279, 'Helmer', 'Sigurd', 'Kerluke', '', 1, 1, 86, '/image/NO-IMAGE-AVAILABLE-300x300.jpg'),
(280, 'Evert', 'Davonte', 'Gerhold', '', 3, 5, 53, '/image/NO-IMAGE-AVAILABLE-300x300.jpg'),
(281, 'Pink', 'Jessyca', 'Bode', '', 3, 1, 114, '/image/NO-IMAGE-AVAILABLE-300x300.jpg'),
(282, 'Mattie', 'Chaim', 'Lakin', '', 4, 4, 144, '/image/NO-IMAGE-AVAILABLE-300x300.jpg'),
(283, 'Ozella', 'Justice', 'Zboncak', '', 2, 4, 140, '/image/NO-IMAGE-AVAILABLE-300x300.jpg'),
(284, 'Jace', 'Ernestine', 'D\'Amore', '', 3, 1, 44, '/image/NO-IMAGE-AVAILABLE-300x300.jpg'),
(285, 'Ansley', 'Jakayla', 'Vandervort', '', 4, 4, 112, '/image/NO-IMAGE-AVAILABLE-300x300.jpg'),
(286, 'Timothy', 'Dillon', 'Treutel', '', 4, 5, 110, '/image/NO-IMAGE-AVAILABLE-300x300.jpg'),
(287, 'Yoshiko', 'Gussie', 'Stokes', '', 2, 4, 135, '/image/NO-IMAGE-AVAILABLE-300x300.jpg'),
(288, 'Desiree', 'Joelle', 'Trantow', '', 3, 6, 56, '/image/NO-IMAGE-AVAILABLE-300x300.jpg'),
(289, 'Lloyd', 'Sherman', 'Abernathy', '', 1, 1, 25, '/image/NO-IMAGE-AVAILABLE-300x300.jpg'),
(290, 'Rollin', 'River', 'Harvey', '', 4, 5, 111, '/image/NO-IMAGE-AVAILABLE-300x300.jpg'),
(291, 'Simeon', 'Hortense', 'Rowe', '', 1, 5, 148, '/image/NO-IMAGE-AVAILABLE-300x300.jpg'),
(292, 'Edwina', 'Ova', 'Feil', '', 1, 6, 62, '/image/NO-IMAGE-AVAILABLE-300x300.jpg'),
(293, 'Ulises', 'Keenan', 'Pollich', '', 2, 4, 82, '/image/NO-IMAGE-AVAILABLE-300x300.jpg'),
(294, 'Annamarie', 'Fredrick', 'Wisoky', '', 4, 6, 54, '/image/NO-IMAGE-AVAILABLE-300x300.jpg'),
(295, 'Erin', 'Ara', 'Lynch', '', 2, 6, 33, '/image/NO-IMAGE-AVAILABLE-300x300.jpg'),
(296, 'Yazmin', 'Rachael', 'Collins', '', 4, 6, 40, '/image/NO-IMAGE-AVAILABLE-300x300.jpg'),
(297, 'Brenden', 'Tiana', 'Steuber', '', 4, 3, 124, '/image/NO-IMAGE-AVAILABLE-300x300.jpg'),
(298, 'Norris', 'Catharine', 'Heathcote', '', 4, 6, 117, '/image/NO-IMAGE-AVAILABLE-300x300.jpg'),
(299, 'Antonia', 'Yolanda', 'Wehner', '', 2, 1, 84, '/image/NO-IMAGE-AVAILABLE-300x300.jpg'),
(300, 'Rodolfo', 'Justine', 'Koepp', '', 1, 6, 81, '/image/NO-IMAGE-AVAILABLE-300x300.jpg'),
(301, 'Roberta', 'Fernando', 'Erdman', '', 4, 6, 120, '/image/NO-IMAGE-AVAILABLE-300x300.jpg'),
(302, 'Dariana', 'Moises', 'Zulauf', '', 3, 3, 65, '/image/NO-IMAGE-AVAILABLE-300x300.jpg'),
(303, 'Rae', 'Lou', 'Hintz', '', 2, 4, 29, '/image/NO-IMAGE-AVAILABLE-300x300.jpg'),
(304, 'Dorthy', 'Nicholas', 'Bode', '', 3, 5, 139, '/image/NO-IMAGE-AVAILABLE-300x300.jpg'),
(305, 'Vivian', 'Beverly', 'Emard', '', 2, 5, 2, '/image/NO-IMAGE-AVAILABLE-300x300.jpg'),
(306, 'Kameron', 'Marcos', 'Stokes', '', 4, 1, 90, '/image/NO-IMAGE-AVAILABLE-300x300.jpg'),
(307, 'Tobin', 'Lempi', 'Bernier', '', 1, 5, 60, '/image/NO-IMAGE-AVAILABLE-300x300.jpg'),
(308, 'Carlee', 'Roxanne', 'Stanton', '', 2, 4, 28, '/image/NO-IMAGE-AVAILABLE-300x300.jpg'),
(309, 'Cletus', 'Elian', 'Gusikowski', '', 3, 6, 64, '/image/NO-IMAGE-AVAILABLE-300x300.jpg'),
(310, 'Tyrique', 'Alphonso', 'Kozey', '', 3, 3, 9, '/image/NO-IMAGE-AVAILABLE-300x300.jpg'),
(311, 'Mariah', 'Sabina', 'Koepp', '', 4, 6, 97, '/image/NO-IMAGE-AVAILABLE-300x300.jpg'),
(312, 'Vicky', 'Keira', 'Leffler', '', 4, 4, 98, '/image/NO-IMAGE-AVAILABLE-300x300.jpg'),
(313, 'Eulalia', 'Kip', 'Schroeder', '', 2, 1, 151, '/image/NO-IMAGE-AVAILABLE-300x300.jpg'),
(314, 'Llewellyn', 'Theresa', 'Fadel', '', 2, 4, 105, '/image/NO-IMAGE-AVAILABLE-300x300.jpg'),
(315, 'Thora', 'Jack', 'Dare', '', 3, 1, 120, '/image/NO-IMAGE-AVAILABLE-300x300.jpg'),
(316, 'Cody', 'Lisa', 'Kemmer', '', 2, 4, 78, '/image/NO-IMAGE-AVAILABLE-300x300.jpg'),
(317, 'Faustino', 'Orin', 'O\'Connell', '', 1, 3, 54, '/image/NO-IMAGE-AVAILABLE-300x300.jpg'),
(318, 'Garrett', 'Davion', 'Ortiz', '', 4, 4, 83, '/image/NO-IMAGE-AVAILABLE-300x300.jpg'),
(319, 'Jordon', 'Beryl', 'Moore', '', 3, 3, 75, '/image/NO-IMAGE-AVAILABLE-300x300.jpg'),
(320, 'Elyssa', 'Carroll', 'Murray', '', 4, 6, 148, '/image/NO-IMAGE-AVAILABLE-300x300.jpg'),
(321, 'Ladarius', 'Misty', 'Bashirian', '', 3, 1, 97, '/image/NO-IMAGE-AVAILABLE-300x300.jpg'),
(322, 'Ladarius', 'Drake', 'Lockman', '', 4, 1, 61, '/image/NO-IMAGE-AVAILABLE-300x300.jpg'),
(323, 'Mariah', 'Elwyn', 'Stanton', '', 1, 5, 111, '/image/NO-IMAGE-AVAILABLE-300x300.jpg'),
(324, 'Zelda', 'Aylin', 'Hamill', '', 4, 5, 15, '/image/NO-IMAGE-AVAILABLE-300x300.jpg'),
(325, 'Vanessa', 'Rick', 'Graham', '', 2, 6, 68, '/image/NO-IMAGE-AVAILABLE-300x300.jpg'),
(326, 'Mariela', 'Americo', 'Schinner', '', 1, 5, 12, '/image/NO-IMAGE-AVAILABLE-300x300.jpg'),
(327, 'Maya', 'Ova', 'McLaughlin', '', 3, 2, 30, '/image/NO-IMAGE-AVAILABLE-300x300.jpg'),
(328, 'Aaron', 'Taurean', 'Cassin', '', 3, 3, 110, '/image/NO-IMAGE-AVAILABLE-300x300.jpg'),
(329, 'Elijah', 'Tre', 'Stracke', '', 1, 6, 141, '/image/NO-IMAGE-AVAILABLE-300x300.jpg'),
(330, 'Armando', 'Rubye', 'Boehm', '', 4, 4, 32, '/image/NO-IMAGE-AVAILABLE-300x300.jpg'),
(331, 'Karolann', 'Cathrine', 'Fritsch', '', 2, 5, 23, '/image/NO-IMAGE-AVAILABLE-300x300.jpg'),
(332, 'Adell', 'Verlie', 'Keebler', '', 4, 5, 64, '/image/NO-IMAGE-AVAILABLE-300x300.jpg'),
(333, 'Lucienne', 'Claud', 'O\'Hara', '', 2, 5, 126, '/image/NO-IMAGE-AVAILABLE-300x300.jpg'),
(334, 'Jarrett', 'Dolores', 'Jenkins', '', 4, 3, 47, '/image/NO-IMAGE-AVAILABLE-300x300.jpg'),
(335, 'Abelardo', 'Haley', 'Lockman', '', 2, 3, 124, '/image/NO-IMAGE-AVAILABLE-300x300.jpg'),
(336, 'Emmy', 'Neva', 'Fritsch', '', 2, 2, 22, '/image/NO-IMAGE-AVAILABLE-300x300.jpg'),
(337, 'Nikita', 'Vincent', 'Hermann', '', 4, 6, 12, '/image/NO-IMAGE-AVAILABLE-300x300.jpg'),
(338, 'Christine', 'Maud', 'Ankunding', '', 4, 2, 45, '/image/NO-IMAGE-AVAILABLE-300x300.jpg'),
(339, 'Pablo', 'Maxie', 'Shields', '', 1, 6, 113, '/image/NO-IMAGE-AVAILABLE-300x300.jpg'),
(340, 'Halie', 'Tyra', 'Kuhn', '', 2, 1, 44, '/image/NO-IMAGE-AVAILABLE-300x300.jpg'),
(341, 'Ferne', 'Timmothy', 'Schulist', '', 2, 5, 99, '/image/NO-IMAGE-AVAILABLE-300x300.jpg'),
(342, 'Felipe', 'Queen', 'Rath', '', 4, 2, 2, '/image/NO-IMAGE-AVAILABLE-300x300.jpg'),
(343, 'Alize', 'Laisha', 'Stokes', '', 1, 1, 114, '/image/NO-IMAGE-AVAILABLE-300x300.jpg'),
(344, 'Orland', 'Kaela', 'Haag', '', 1, 4, 13, '/image/NO-IMAGE-AVAILABLE-300x300.jpg'),
(345, 'Nils', 'Felton', 'Beer', '', 1, 5, 62, '/image/NO-IMAGE-AVAILABLE-300x300.jpg'),
(346, 'Charity', 'Harrison', 'Hackett', '', 2, 5, 111, '/image/NO-IMAGE-AVAILABLE-300x300.jpg'),
(347, 'Belle', 'Stephan', 'Hintz', '', 2, 4, 73, '/image/NO-IMAGE-AVAILABLE-300x300.jpg'),
(348, 'Laurine', 'Sincere', 'Ward', '', 1, 2, 111, '/image/NO-IMAGE-AVAILABLE-300x300.jpg'),
(349, 'Furman', 'Kiara', 'Bauch', '', 2, 2, 148, '/image/NO-IMAGE-AVAILABLE-300x300.jpg'),
(350, 'Nina', 'Kaelyn', 'Reynolds', '', 3, 6, 87, '/image/NO-IMAGE-AVAILABLE-300x300.jpg'),
(351, 'Garth', 'Kathlyn', 'Considine', '', 3, 3, 96, '/image/NO-IMAGE-AVAILABLE-300x300.jpg'),
(352, 'Damian', 'Lonie', 'Schmeler', '', 4, 6, 16, '/image/NO-IMAGE-AVAILABLE-300x300.jpg'),
(353, 'Cayla', 'Heber', 'Sipes', '', 3, 6, 114, '/image/NO-IMAGE-AVAILABLE-300x300.jpg'),
(354, 'Hermina', 'Margarett', 'Abbott', '', 3, 2, 134, '/image/NO-IMAGE-AVAILABLE-300x300.jpg'),
(355, 'Ransom', 'Aniyah', 'Moore', '', 2, 4, 93, '/image/NO-IMAGE-AVAILABLE-300x300.jpg'),
(356, 'Jared', 'Jeramy', 'Wisoky', '', 3, 4, 147, '/image/NO-IMAGE-AVAILABLE-300x300.jpg'),
(357, 'Dillan', 'Orin', 'Kemmer', '', 1, 1, 57, '/image/NO-IMAGE-AVAILABLE-300x300.jpg'),
(358, 'Trey', 'Kathlyn', 'Gleichner', '', 2, 2, 144, '/image/NO-IMAGE-AVAILABLE-300x300.jpg'),
(359, 'Kirsten', 'Nels', 'Littel', '', 1, 4, 22, '/image/NO-IMAGE-AVAILABLE-300x300.jpg'),
(360, 'Kaylin', 'Bonnie', 'Haley', '', 1, 1, 134, '/image/NO-IMAGE-AVAILABLE-300x300.jpg'),
(361, 'Nora', 'Fred', 'Rodriguez', '', 2, 4, 92, '/image/NO-IMAGE-AVAILABLE-300x300.jpg'),
(362, 'Jocelyn', 'Libbie', 'Kemmer', '', 3, 4, 110, '/image/NO-IMAGE-AVAILABLE-300x300.jpg'),
(363, 'Ofelia', 'Jordon', 'Hackett', '', 4, 5, 57, '/image/NO-IMAGE-AVAILABLE-300x300.jpg'),
(364, 'Dovie', 'Whitney', 'Sporer', '', 4, 2, 58, '/image/NO-IMAGE-AVAILABLE-300x300.jpg'),
(365, 'Sammy', 'Preston', 'Bernhard', '', 1, 1, 15, '/image/NO-IMAGE-AVAILABLE-300x300.jpg'),
(366, 'Helmer', 'Nasir', 'Wilkinson', '', 3, 1, 41, '/image/NO-IMAGE-AVAILABLE-300x300.jpg'),
(367, 'Dayana', 'Jovanny', 'Jaskolski', '', 3, 6, 109, '/image/NO-IMAGE-AVAILABLE-300x300.jpg'),
(368, 'Audreanne', 'Marge', 'Kuhn', '', 2, 5, 39, '/image/NO-IMAGE-AVAILABLE-300x300.jpg'),
(369, 'Jess', 'Camila', 'Dooley', '', 3, 5, 38, '/image/NO-IMAGE-AVAILABLE-300x300.jpg'),
(370, 'Jesus', 'Simeon', 'Moen', '', 1, 1, 115, '/image/NO-IMAGE-AVAILABLE-300x300.jpg'),
(371, 'Eladio', 'Osbaldo', 'King', '', 4, 2, 137, '/image/NO-IMAGE-AVAILABLE-300x300.jpg'),
(372, 'Viva', 'Dennis', 'Schuppe', '', 2, 1, 102, '/image/NO-IMAGE-AVAILABLE-300x300.jpg'),
(373, 'Marianna', 'Clarabelle', 'Altenwerth', '', 4, 5, 132, '/image/NO-IMAGE-AVAILABLE-300x300.jpg'),
(374, 'Zane', 'Coleman', 'Wyman', '', 1, 2, 131, '/image/NO-IMAGE-AVAILABLE-300x300.jpg'),
(375, 'Seamus', 'Kianna', 'Heaney', '', 4, 3, 117, '/image/NO-IMAGE-AVAILABLE-300x300.jpg'),
(376, 'Gina', 'Khalid', 'DuBuque', '', 3, 5, 90, '/image/NO-IMAGE-AVAILABLE-300x300.jpg'),
(377, 'Merlin', 'Howell', 'Hyatt', '', 3, 2, 119, '/image/NO-IMAGE-AVAILABLE-300x300.jpg'),
(378, 'Marcia', 'Jaime', 'Senger', '', 3, 2, 18, '/image/NO-IMAGE-AVAILABLE-300x300.jpg'),
(379, 'Berniece', 'Thelma', 'Leuschke', '', 3, 1, 48, '/image/NO-IMAGE-AVAILABLE-300x300.jpg'),
(380, 'Jonatan', 'Tressa', 'Schinner', '', 3, 6, 142, '/image/NO-IMAGE-AVAILABLE-300x300.jpg'),
(381, 'Jaydon', 'Kaitlyn', 'Bashirian', '', 4, 6, 150, '/image/NO-IMAGE-AVAILABLE-300x300.jpg'),
(382, 'Chaz', 'Jaylan', 'Brown', '', 3, 6, 44, '/image/NO-IMAGE-AVAILABLE-300x300.jpg'),
(383, 'Okey', 'Verla', 'Bernier', '', 4, 4, 120, '/image/NO-IMAGE-AVAILABLE-300x300.jpg'),
(384, 'Ana', 'Lola', 'Champlin', '', 2, 1, 116, '/image/NO-IMAGE-AVAILABLE-300x300.jpg'),
(385, 'Ardella', 'Polly', 'Keebler', '', 1, 6, 120, '/image/NO-IMAGE-AVAILABLE-300x300.jpg'),
(386, 'Darlene', 'Asa', 'O\'Hara', '', 3, 1, 111, '/image/NO-IMAGE-AVAILABLE-300x300.jpg'),
(387, 'Calista', 'Marion', 'Wilkinson', '', 4, 1, 115, '/image/NO-IMAGE-AVAILABLE-300x300.jpg'),
(388, 'Graham', 'Rozella', 'Dietrich', '', 2, 3, 109, '/image/NO-IMAGE-AVAILABLE-300x300.jpg'),
(389, 'Sigmund', 'Santos', 'Tremblay', '', 1, 4, 142, '/image/NO-IMAGE-AVAILABLE-300x300.jpg'),
(390, 'Catalina', 'Cyrus', 'Moore', '', 2, 6, 118, '/image/NO-IMAGE-AVAILABLE-300x300.jpg'),
(391, 'Julianne', 'Eugene', 'Willms', '', 4, 2, 129, '/image/NO-IMAGE-AVAILABLE-300x300.jpg'),
(392, 'Wilbert', 'Hazel', 'Reichert', '', 3, 6, 7, '/image/NO-IMAGE-AVAILABLE-300x300.jpg'),
(393, 'Rahul', 'Lera', 'Hackett', '', 3, 6, 41, '/image/NO-IMAGE-AVAILABLE-300x300.jpg'),
(394, 'Jane', 'Tanya', 'Gusikowski', '', 4, 4, 24, '/image/NO-IMAGE-AVAILABLE-300x300.jpg'),
(395, 'Elwyn', 'Jarvis', 'Sporer', '', 1, 6, 120, '/image/NO-IMAGE-AVAILABLE-300x300.jpg'),
(396, 'Quinton', 'Marlin', 'Nolan', '', 2, 3, 60, '/image/NO-IMAGE-AVAILABLE-300x300.jpg'),
(397, 'Stephania', 'Joey', 'Mueller', '', 2, 6, 18, '/image/NO-IMAGE-AVAILABLE-300x300.jpg'),
(398, 'Greyson', 'Viviane', 'Balistreri', '', 1, 3, 84, '/image/NO-IMAGE-AVAILABLE-300x300.jpg'),
(399, 'Therese', 'Grover', 'Rath', '', 4, 3, 41, '/image/NO-IMAGE-AVAILABLE-300x300.jpg'),
(400, 'Louisa', 'Hermina', 'Ratke', '', 2, 4, 25, '/image/NO-IMAGE-AVAILABLE-300x300.jpg'),
(401, 'Myra', 'Chloe', 'Hammes', '', 1, 3, 41, '/image/NO-IMAGE-AVAILABLE-300x300.jpg'),
(402, 'Fredy', 'Jamir', 'Hilll', '', 3, 5, 123, '/image/NO-IMAGE-AVAILABLE-300x300.jpg'),
(403, 'Betty', 'Kelly', 'Daugherty', '', 1, 4, 75, '/image/NO-IMAGE-AVAILABLE-300x300.jpg'),
(404, 'Candida', 'Bradford', 'Walsh', '', 2, 1, 87, '/image/NO-IMAGE-AVAILABLE-300x300.jpg'),
(405, 'Rebeca', 'Amelie', 'Kemmer', '', 1, 4, 93, '/image/NO-IMAGE-AVAILABLE-300x300.jpg'),
(406, 'Claire', 'Brennan', 'Crona', '', 1, 2, 152, '/image/NO-IMAGE-AVAILABLE-300x300.jpg'),
(407, 'Ford', 'Taya', 'Stokes', '', 4, 1, 122, '/image/NO-IMAGE-AVAILABLE-300x300.jpg'),
(408, 'Kristy', 'Rosella', 'Gutmann', '', 3, 1, 48, '/image/NO-IMAGE-AVAILABLE-300x300.jpg'),
(409, 'Arturo', 'Marcelo', 'Grady', '', 4, 2, 38, '/image/NO-IMAGE-AVAILABLE-300x300.jpg'),
(410, 'Eda', 'Keyon', 'Klein', '', 2, 4, 143, '/image/NO-IMAGE-AVAILABLE-300x300.jpg'),
(411, 'Devante', 'Dameon', 'Effertz', '', 2, 2, 121, '/image/NO-IMAGE-AVAILABLE-300x300.jpg'),
(412, 'Tess', 'Alexie', 'Brekke', '', 2, 3, 69, '/image/NO-IMAGE-AVAILABLE-300x300.jpg'),
(413, 'Braden', 'Rosalind', 'Bednar', '', 2, 1, 75, '/image/NO-IMAGE-AVAILABLE-300x300.jpg'),
(414, 'Andy', 'Shemar', 'Swaniawski', '', 3, 3, 45, '/image/NO-IMAGE-AVAILABLE-300x300.jpg'),
(415, 'Reggie', 'Adaline', 'Durgan', '', 3, 2, 147, '/image/NO-IMAGE-AVAILABLE-300x300.jpg'),
(416, 'Mitchel', 'Brandy', 'Cole', '', 4, 6, 112, '/image/NO-IMAGE-AVAILABLE-300x300.jpg'),
(417, 'Clovis', 'Adrianna', 'Gutkowski', '', 2, 6, 42, '/image/NO-IMAGE-AVAILABLE-300x300.jpg'),
(418, 'Lonzo', 'Rhoda', 'Rutherford', '', 4, 4, 128, '/image/NO-IMAGE-AVAILABLE-300x300.jpg'),
(419, 'Pauline', 'Corrine', 'Gorczany', '', 1, 6, 11, '/image/NO-IMAGE-AVAILABLE-300x300.jpg'),
(420, 'Maximo', 'Adan', 'Wehner', '', 2, 4, 36, '/image/NO-IMAGE-AVAILABLE-300x300.jpg'),
(421, 'Jacinto', 'Westley', 'Auer', '', 2, 3, 134, '/image/NO-IMAGE-AVAILABLE-300x300.jpg'),
(422, 'Cary', 'Aric', 'Tillman', '', 4, 5, 19, '/image/NO-IMAGE-AVAILABLE-300x300.jpg'),
(423, 'Danny', 'Destany', 'Armstrong', '', 4, 6, 3, '/image/NO-IMAGE-AVAILABLE-300x300.jpg'),
(424, 'Rose', 'Denis', 'Bailey', '', 1, 5, 120, '/image/NO-IMAGE-AVAILABLE-300x300.jpg'),
(425, 'Ayden', 'Sister', 'Raynor', '', 2, 5, 98, '/image/NO-IMAGE-AVAILABLE-300x300.jpg'),
(426, 'Rick', 'Myrtice', 'Gaylord', '', 4, 6, 78, '/image/NO-IMAGE-AVAILABLE-300x300.jpg'),
(427, 'Napoleon', 'Dangelo', 'Murphy', '', 1, 4, 73, '/image/NO-IMAGE-AVAILABLE-300x300.jpg'),
(428, 'Lydia', 'Lavina', 'Hills', '', 1, 4, 106, '/image/NO-IMAGE-AVAILABLE-300x300.jpg'),
(429, 'Russ', 'Gilberto', 'McCullough', '', 2, 5, 138, '/image/NO-IMAGE-AVAILABLE-300x300.jpg'),
(430, 'Dewitt', 'Madelynn', 'Mosciski', '', 1, 1, 77, '/image/NO-IMAGE-AVAILABLE-300x300.jpg'),
(431, 'Yessenia', 'Alfred', 'Brown', '', 4, 4, 11, '/image/NO-IMAGE-AVAILABLE-300x300.jpg'),
(432, 'Ernie', 'Montana', 'McKenzie', '', 4, 5, 149, '/image/NO-IMAGE-AVAILABLE-300x300.jpg'),
(433, 'Zoila', 'Dandre', 'Stark', '', 4, 1, 49, '/image/NO-IMAGE-AVAILABLE-300x300.jpg'),
(434, 'Otis', 'Pablo', 'Oberbrunner', '', 1, 2, 17, '/image/NO-IMAGE-AVAILABLE-300x300.jpg'),
(435, 'Norene', 'Earnestine', 'Boyer', '', 3, 3, 89, '/image/NO-IMAGE-AVAILABLE-300x300.jpg'),
(436, 'Spencer', 'Randall', 'Shields', '', 1, 6, 128, '/image/NO-IMAGE-AVAILABLE-300x300.jpg'),
(437, 'Adaline', 'Willie', 'Morissette', '', 2, 4, 36, '/image/NO-IMAGE-AVAILABLE-300x300.jpg'),
(438, 'Tyreek', 'Garnet', 'Cole', '', 2, 4, 42, '/image/NO-IMAGE-AVAILABLE-300x300.jpg'),
(439, 'Tre', 'Damon', 'Reynolds', '', 3, 1, 116, '/image/NO-IMAGE-AVAILABLE-300x300.jpg'),
(440, 'Willy', 'Alva', 'Effertz', '', 1, 5, 102, '/image/NO-IMAGE-AVAILABLE-300x300.jpg'),
(441, 'Marcia', 'Derick', 'Murray', '', 3, 5, 95, '/image/NO-IMAGE-AVAILABLE-300x300.jpg'),
(442, 'Wallace', 'Janessa', 'Treutel', '', 3, 6, 103, '/image/NO-IMAGE-AVAILABLE-300x300.jpg'),
(443, 'Neoma', 'Vern', 'Ferry', '', 2, 2, 144, '/image/NO-IMAGE-AVAILABLE-300x300.jpg'),
(444, 'Benedict', 'Annamarie', 'Kerluke', '', 1, 5, 84, '/image/NO-IMAGE-AVAILABLE-300x300.jpg'),
(445, 'Ena', 'Myron', 'Leuschke', '', 1, 2, 122, '/image/NO-IMAGE-AVAILABLE-300x300.jpg'),
(446, 'Effie', 'Ivah', 'Will', '', 4, 1, 144, '/image/NO-IMAGE-AVAILABLE-300x300.jpg'),
(447, 'Arnold', 'Marlen', 'Rath', '', 3, 1, 79, '/image/NO-IMAGE-AVAILABLE-300x300.jpg'),
(448, 'Zora', 'Giovanny', 'Kautzer', '', 2, 2, 108, '/image/NO-IMAGE-AVAILABLE-300x300.jpg'),
(449, 'Ismael', 'Kendrick', 'Buckridge', '', 2, 3, 101, '/image/NO-IMAGE-AVAILABLE-300x300.jpg'),
(450, 'Ulises', 'Ali', 'Bartell', '', 1, 6, 138, '/image/NO-IMAGE-AVAILABLE-300x300.jpg'),
(451, 'Eliezer', 'Tia', 'Marks', '', 1, 1, 23, '/image/NO-IMAGE-AVAILABLE-300x300.jpg'),
(452, 'Keshawn', 'Valentin', 'Dickinson', '', 3, 3, 66, '/image/NO-IMAGE-AVAILABLE-300x300.jpg'),
(453, 'Yessenia', 'Rosanna', 'Heathcote', '', 1, 5, 148, '/image/NO-IMAGE-AVAILABLE-300x300.jpg'),
(454, 'Karolann', 'Eloy', 'Senger', '', 3, 6, 4, '/image/NO-IMAGE-AVAILABLE-300x300.jpg'),
(455, 'Winston', 'Bulah', 'Maggio', '', 3, 6, 43, '/image/NO-IMAGE-AVAILABLE-300x300.jpg'),
(456, 'Marge', 'Consuelo', 'Cronin', '', 1, 6, 2, '/image/NO-IMAGE-AVAILABLE-300x300.jpg'),
(457, 'Raymond', 'Kenton', 'Weimann', '', 3, 3, 107, '/image/NO-IMAGE-AVAILABLE-300x300.jpg'),
(458, 'Rylee', 'Candace', 'Oberbrunner', '', 4, 6, 120, '/image/NO-IMAGE-AVAILABLE-300x300.jpg'),
(459, 'Kole', 'Raina', 'Emmerich', '', 2, 3, 4, '/image/NO-IMAGE-AVAILABLE-300x300.jpg'),
(460, 'Vilma', 'Michele', 'Larson', '', 4, 6, 120, '/image/NO-IMAGE-AVAILABLE-300x300.jpg'),
(461, 'Derrick', 'Ashlee', 'Quigley', '', 1, 6, 36, '/image/NO-IMAGE-AVAILABLE-300x300.jpg'),
(462, 'Easter', 'Ciara', 'Gaylord', '', 2, 3, 62, '/image/NO-IMAGE-AVAILABLE-300x300.jpg'),
(463, 'Roxane', 'Chanelle', 'Abshire', '', 4, 5, 35, '/image/NO-IMAGE-AVAILABLE-300x300.jpg'),
(464, 'Evalyn', 'Jewell', 'Crona', '', 3, 5, 59, '/image/NO-IMAGE-AVAILABLE-300x300.jpg'),
(465, 'Gracie', 'Johnathan', 'Altenwerth', '', 4, 1, 83, '/image/NO-IMAGE-AVAILABLE-300x300.jpg'),
(466, 'Carter', 'Retta', 'Marvin', '', 2, 2, 118, '/image/NO-IMAGE-AVAILABLE-300x300.jpg'),
(467, 'Linda', 'Brian', 'Shanahan', '', 1, 5, 95, '/image/NO-IMAGE-AVAILABLE-300x300.jpg'),
(468, 'Jailyn', 'Wade', 'Mertz', '', 1, 1, 17, '/image/NO-IMAGE-AVAILABLE-300x300.jpg'),
(469, 'Serena', 'Kaden', 'Hettinger', '', 4, 4, 24, '/image/NO-IMAGE-AVAILABLE-300x300.jpg'),
(470, 'Tyrel', 'Corine', 'Harber', '', 4, 5, 103, '/image/NO-IMAGE-AVAILABLE-300x300.jpg'),
(471, 'Charlie', 'Eloy', 'Champlin', '', 4, 4, 13, '/image/NO-IMAGE-AVAILABLE-300x300.jpg'),
(472, 'Devin', 'Tia', 'Langosh', '', 1, 2, 12, '/image/NO-IMAGE-AVAILABLE-300x300.jpg'),
(473, 'Rosario', 'Gideon', 'Kertzmann', '', 2, 3, 123, '/image/NO-IMAGE-AVAILABLE-300x300.jpg'),
(474, 'Eugenia', 'Kaitlin', 'Kuhic', '', 2, 5, 89, '/image/NO-IMAGE-AVAILABLE-300x300.jpg'),
(475, 'Maryjane', 'Katheryn', 'Barton', '', 1, 3, 106, '/image/NO-IMAGE-AVAILABLE-300x300.jpg'),
(476, 'Juvenal', 'Jayne', 'Stanton', '', 1, 4, 20, '/image/NO-IMAGE-AVAILABLE-300x300.jpg'),
(477, 'Alford', 'Stephen', 'Marvin', '', 4, 1, 146, '/image/NO-IMAGE-AVAILABLE-300x300.jpg'),
(478, 'Marilou', 'Mittie', 'Ritchie', '', 1, 2, 8, '/image/NO-IMAGE-AVAILABLE-300x300.jpg'),
(479, 'Julia', 'Lindsay', 'Jacobs', '', 3, 5, 93, '/image/NO-IMAGE-AVAILABLE-300x300.jpg'),
(480, 'Alexa', 'Reyes', 'Corwin', '', 4, 4, 68, '/image/NO-IMAGE-AVAILABLE-300x300.jpg'),
(481, 'Ford', 'Jessyca', 'Abbott', '', 2, 4, 6, '/image/NO-IMAGE-AVAILABLE-300x300.jpg'),
(482, 'Kaelyn', 'Justice', 'Corkery', '', 4, 3, 78, '/image/NO-IMAGE-AVAILABLE-300x300.jpg'),
(483, 'Annalise', 'Elisa', 'Kuphal', '', 1, 1, 82, '/image/NO-IMAGE-AVAILABLE-300x300.jpg'),
(484, 'Sonya', 'Mariah', 'Champlin', '', 4, 6, 133, '/image/NO-IMAGE-AVAILABLE-300x300.jpg'),
(485, 'Lauren', 'Paxton', 'Quigley', '', 4, 1, 149, '/image/NO-IMAGE-AVAILABLE-300x300.jpg'),
(486, 'Madisen', 'Dwight', 'Kerluke', '', 3, 2, 14, '/image/NO-IMAGE-AVAILABLE-300x300.jpg'),
(487, 'Kacie', 'Jaida', 'Bednar', '', 3, 6, 39, '/image/NO-IMAGE-AVAILABLE-300x300.jpg'),
(488, 'Naomie', 'Cindy', 'Tromp', '', 2, 3, 97, '/image/NO-IMAGE-AVAILABLE-300x300.jpg'),
(489, 'Jaylan', 'Elena', 'Heidenreich', '', 1, 4, 142, '/image/NO-IMAGE-AVAILABLE-300x300.jpg'),
(490, 'Billie', 'Zelma', 'Mraz', '', 3, 6, 127, '/image/NO-IMAGE-AVAILABLE-300x300.jpg'),
(491, 'Nelle', 'Anabel', 'Rice', '', 4, 5, 39, '/image/NO-IMAGE-AVAILABLE-300x300.jpg'),
(492, 'Cara', 'Karen', 'Hyatt', '', 2, 4, 92, '/image/NO-IMAGE-AVAILABLE-300x300.jpg'),
(493, 'Madeline', 'Kailey', 'Wintheiser', '', 4, 4, 58, '/image/NO-IMAGE-AVAILABLE-300x300.jpg'),
(494, 'Vida', 'Herta', 'Herman', '', 2, 6, 39, '/image/NO-IMAGE-AVAILABLE-300x300.jpg'),
(495, 'Federico', 'Marjorie', 'Brakus', '', 4, 4, 60, '/image/NO-IMAGE-AVAILABLE-300x300.jpg'),
(496, 'Burdette', 'Samson', 'Fadel', '', 4, 6, 135, '/image/NO-IMAGE-AVAILABLE-300x300.jpg'),
(497, 'Dena', 'Bridgette', 'Prohaska', '', 3, 6, 62, '/image/NO-IMAGE-AVAILABLE-300x300.jpg'),
(498, 'Nicole', 'Loma', 'Ryan', '', 3, 6, 78, '/image/NO-IMAGE-AVAILABLE-300x300.jpg'),
(499, 'Chanel', 'Ezra', 'Howell', '', 2, 5, 91, '/image/NO-IMAGE-AVAILABLE-300x300.jpg'),
(500, 'Derrick', 'Josiah', 'Hoeger', '', 3, 2, 122, '/image/NO-IMAGE-AVAILABLE-300x300.jpg');

-- --------------------------------------------------------

--
-- Структура таблицы `doctor_status`
--

CREATE TABLE `doctor_status` (
  `id` int(11) NOT NULL,
  `name` text COMMENT 'Cтатус врача'
) ENGINE=InnoDB DEFAULT CHARSET=utf8;

--
-- Дамп данных таблицы `doctor_status`
--

INSERT INTO `doctor_status` (`id`, `name`) VALUES
(1, 'Работает'),
(2, 'Отпуск'),
(3, 'Командировка'),
(4, 'Уволился');

-- --------------------------------------------------------

--
-- Структура таблицы `migration`
--

CREATE TABLE `migration` (
  `version` varchar(180) NOT NULL,
  `apply_time` int(11) DEFAULT NULL
) ENGINE=InnoDB DEFAULT CHARSET=utf8;

--
-- Дамп данных таблицы `migration`
--

INSERT INTO `migration` (`version`, `apply_time`) VALUES
('m000000_000000_base', 1518322893),
('m130524_201442_init', 1518322895),
('m180203_113604_create_profession_table', 1518322895),
('m180203_121547_create_doctor_table', 1518322898),
('m180203_134843_create_period_table', 1518322898),
('m180203_145751_create_order_table', 1518322900);

-- --------------------------------------------------------

--
-- Структура таблицы `order`
--

CREATE TABLE `order` (
  `id` int(11) NOT NULL,
  `cod` varchar(255) NOT NULL COMMENT 'Номер страхового полиса',
  `client_name` text COMMENT 'Имя',
  `client_surname` text COMMENT 'Фамилия',
  `client_patronymic` text COMMENT 'Отчество',
  `born` date DEFAULT NULL COMMENT 'Год рождения',
  `doctor_id` int(11) DEFAULT NULL COMMENT 'Доктор',
  `doctor_name` text COMMENT 'Информация доктора',
  `profession_id` int(11) DEFAULT NULL COMMENT 'Выберите специализацию врача',
  `period_id` int(11) DEFAULT NULL COMMENT 'Период',
  `time_value` varchar(255) DEFAULT NULL COMMENT 'Время',
  `statusorder_id` int(11) NOT NULL DEFAULT '0' COMMENT 'Состояние заявки',
  `date` date NOT NULL COMMENT 'Дата',
  `date_created` datetime NOT NULL COMMENT 'Дата создания',
  `hash` varchar(255) DEFAULT NULL COMMENT 'хеш урла для предотврашениея повторных заявок'
) ENGINE=InnoDB DEFAULT CHARSET=utf8;

--
-- Дамп данных таблицы `order`
--

INSERT INTO `order` (`id`, `cod`, `client_name`, `client_surname`, `client_patronymic`, `born`, `doctor_id`, `doctor_name`, `profession_id`, `period_id`, `time_value`, `statusorder_id`, `date`, `date_created`, `hash`) VALUES
(1, 'UA72153727834844427491300057', 'Filomena', 'Crist', 'Flatley', '2008-06-03', 17, NULL, NULL, NULL, NULL, 1, '1992-03-02', '2018-02-11 07:21:39', NULL),
(2, 'UA83759183007812807848384841', 'Santiago', 'Labadie', 'Schneider', '1994-09-29', 13, NULL, NULL, NULL, NULL, 1, '1988-10-20', '2018-02-11 07:21:39', NULL),
(3, 'UA78906325246952182703496948', 'Lorine', 'Keebler', 'Hand', '2008-12-17', 4, NULL, NULL, NULL, NULL, 0, '1997-09-29', '2018-02-11 07:21:39', NULL),
(4, 'UA97943562592064725785104935', 'Sophie', 'Auer', 'Gaylord', '1990-07-31', 12, NULL, NULL, NULL, NULL, 1, '2011-06-14', '2018-02-11 07:21:39', NULL),
(5, 'UA05950675375634308575407884', 'Norris', 'Cartwright', 'Blanda', '2016-09-21', 1, NULL, NULL, NULL, NULL, 0, '2002-05-23', '2018-02-11 07:21:39', NULL),
(6, 'UA75879058170948153403768327', 'Aurelia', 'Watsica', 'Yost', '1996-12-21', 13, NULL, NULL, NULL, NULL, 0, '2002-10-12', '2018-02-11 07:21:39', NULL),
(7, 'UA80862243303752596228926925', 'Arely', 'Koelpin', 'Gislason', '2004-07-02', 9, NULL, NULL, NULL, NULL, 1, '2004-08-05', '2018-02-11 07:21:39', NULL),
(8, 'UA46041479210239213698715604', 'Dorothy', 'Batz', 'Hirthe', '2015-05-26', 11, NULL, NULL, NULL, NULL, 0, '1991-01-24', '2018-02-11 07:21:39', NULL),
(9, 'UA82720138154759152690657573', 'Raphaelle', 'Schiller', 'Mueller', '2001-05-31', 10, NULL, NULL, NULL, NULL, 1, '2006-12-11', '2018-02-11 07:21:39', NULL),
(10, 'UA09427960289180872374278187', 'Meredith', 'Bogisich', 'Orn', '1994-01-30', 7, NULL, NULL, NULL, NULL, 0, '1993-12-26', '2018-02-11 07:21:39', NULL),
(11, 'UA27390752321851868345783626', 'Levi', 'Nicolas', 'Konopelski', '1988-04-21', 4, NULL, NULL, NULL, NULL, 1, '2016-03-15', '2018-02-11 07:21:39', NULL),
(12, 'UA55086204135759480951142017', 'Gladyce', 'Pagac', 'Vandervort', '1999-09-08', 10, NULL, NULL, NULL, NULL, 1, '1995-01-16', '2018-02-11 07:21:39', NULL),
(13, 'UA86577507653300264504659270', 'Reed', 'Russel', 'Kovacek', '2010-10-31', 3, NULL, NULL, NULL, NULL, 1, '1995-01-17', '2018-02-11 07:21:39', NULL),
(14, 'UA42937573294044289482898297', 'Brennon', 'Konopelski', 'Ruecker', '1992-02-09', 1, NULL, NULL, NULL, NULL, 0, '1991-11-01', '2018-02-11 07:21:39', NULL),
(15, 'UA68551045993189495760197954', 'Alba', 'Dickinson', 'Kreiger', '1989-12-23', 9, NULL, NULL, NULL, NULL, 0, '1995-03-27', '2018-02-11 07:21:39', NULL),
(16, 'UA65835317319951041354059410', 'Russel', 'West', 'Cummings', '2005-10-04', 8, NULL, NULL, NULL, NULL, 1, '2001-09-13', '2018-02-11 07:21:39', NULL),
(17, 'UA24213233291384085279427081', 'Jensen', 'Effertz', 'Ferry', '2003-01-22', 8, NULL, NULL, NULL, NULL, 1, '2011-04-16', '2018-02-11 07:21:39', NULL),
(18, 'UA82370248456067167862535310', 'Caitlyn', 'Harris', 'Effertz', '2003-12-08', 15, NULL, NULL, NULL, NULL, 0, '2011-05-22', '2018-02-11 07:21:39', NULL),
(19, 'UA09685510625056443658632295', 'Earline', 'Goodwin', 'Oberbrunner', '1993-04-11', 18, NULL, NULL, NULL, NULL, 1, '1998-12-20', '2018-02-11 07:21:39', NULL),
(20, 'UA62689094731924365895117373', 'Kurt', 'Kulas', 'Stamm', '2014-04-15', 4, NULL, NULL, NULL, NULL, 0, '2007-09-19', '2018-02-11 07:21:39', NULL),
(21, 'UA35628083697246974610229243', 'Ludie', 'Effertz', 'Johnson', '2005-10-27', 20, NULL, NULL, NULL, NULL, 0, '2003-06-16', '2018-02-11 07:21:39', NULL),
(22, 'UA19759816003260008209837870', 'Emmet', 'Prosacco', 'West', '2012-01-27', 20, NULL, NULL, NULL, NULL, 1, '1998-11-09', '2018-02-11 07:21:39', NULL),
(23, 'UA96643060019017835616422809', 'Otto', 'Gutmann', 'Hirthe', '2005-01-04', 14, NULL, NULL, NULL, NULL, 1, '2013-02-10', '2018-02-11 07:21:39', NULL),
(24, 'UA65078507554234969644382250', 'Soledad', 'Kiehn', 'Wisoky', '2011-01-21', 12, NULL, NULL, NULL, NULL, 1, '2012-11-06', '2018-02-11 07:21:39', NULL),
(25, 'UA56096774592454358761834056', 'Peyton', 'Connelly', 'Wolf', '1993-08-30', 10, NULL, NULL, NULL, NULL, 0, '1995-08-27', '2018-02-11 07:21:39', NULL),
(26, 'UA73546907290661463897264468', 'Llewellyn', 'Langworth', 'Kerluke', '2009-09-28', 12, NULL, NULL, NULL, NULL, 1, '1992-07-22', '2018-02-11 07:21:39', NULL),
(27, 'UA25615252617845448777396749', 'Kaylin', 'Mraz', 'Langosh', '1998-04-10', 2, NULL, NULL, NULL, NULL, 1, '1994-02-09', '2018-02-11 07:21:39', NULL),
(28, 'UA87165809523878285738090774', 'Haylee', 'Schuppe', 'Friesen', '2007-05-10', 19, NULL, NULL, NULL, NULL, 0, '1992-03-05', '2018-02-11 07:21:39', NULL),
(29, 'UA92377053353357817303323214', 'Jalon', 'Kuphal', 'Hilll', '2007-03-21', 8, NULL, NULL, NULL, NULL, 1, '1991-01-11', '2018-02-11 07:21:39', NULL),
(30, 'UA11801846893102634302063628', 'Alvah', 'Little', 'Kunze', '1991-11-24', 7, NULL, NULL, NULL, NULL, 1, '1991-02-24', '2018-02-11 07:21:39', NULL),
(31, 'UA35906168198925629489199556', 'Bethany', 'Casper', 'Wilderman', '2005-05-10', 2, NULL, NULL, NULL, NULL, 0, '2010-06-03', '2018-02-11 07:21:39', NULL),
(32, 'UA78225373697878304245517769', 'Eula', 'Kuphal', 'Keeling', '2016-05-18', 10, NULL, NULL, NULL, NULL, 1, '1993-12-08', '2018-02-11 07:21:39', NULL),
(33, 'UA62906855925448415161729231', 'Elenora', 'Brown', 'Cummerata', '2005-12-14', 8, NULL, NULL, NULL, NULL, 1, '1999-05-14', '2018-02-11 07:21:39', NULL),
(34, 'UA09609365250946815064465955', 'Winnifred', 'Dietrich', 'Dooley', '2009-02-16', 7, NULL, NULL, NULL, NULL, 0, '2005-03-23', '2018-02-11 07:21:39', NULL),
(35, 'UA76259793839192256381522118', 'Leif', 'Jaskolski', 'Kling', '2016-01-09', 10, NULL, NULL, NULL, NULL, 1, '1990-04-05', '2018-02-11 07:21:39', NULL),
(36, 'UA49041095037719442970633991', 'Meagan', 'Predovic', 'Kiehn', '2003-10-02', 17, NULL, NULL, NULL, NULL, 1, '1992-03-08', '2018-02-11 07:21:39', NULL),
(37, 'UA21883444885619625324034443', 'Jeanne', 'Hessel', 'Blanda', '2011-06-30', 16, NULL, NULL, NULL, NULL, 1, '1998-11-06', '2018-02-11 07:21:39', NULL),
(38, 'UA95785536810957849488645037', 'Destiny', 'Reichel', 'Murray', '1998-11-06', 9, NULL, NULL, NULL, NULL, 1, '1988-05-05', '2018-02-11 07:21:39', NULL),
(39, 'UA49616386382539005948092412', 'Lavern', 'Beahan', 'Fay', '2010-05-25', 13, NULL, NULL, NULL, NULL, 0, '1996-01-21', '2018-02-11 07:21:39', NULL),
(40, 'UA55811582679913781286423786', 'Wilma', 'Roberts', 'Pfeffer', '2008-03-04', 15, NULL, NULL, NULL, NULL, 1, '1996-10-21', '2018-02-11 07:21:39', NULL),
(41, 'UA58773115796075644007867102', 'Camila', 'Jakubowski', 'Reichel', '1998-12-08', 10, NULL, NULL, NULL, NULL, 1, '2014-09-14', '2018-02-11 07:21:39', NULL),
(42, 'UA61205135617451058962255666', 'Kenya', 'Dibbert', 'Shanahan', '1991-07-15', 14, NULL, NULL, NULL, NULL, 0, '1992-01-30', '2018-02-11 07:21:39', NULL),
(43, 'UA43431040506363775499030053', 'Suzanne', 'Thiel', 'Treutel', '1988-04-22', 13, NULL, NULL, NULL, NULL, 1, '2018-01-15', '2018-02-11 07:21:39', NULL),
(44, 'UA32723542746870088634366009', 'Adolph', 'Bergnaum', 'Batz', '2015-10-06', 8, NULL, NULL, NULL, NULL, 1, '2015-08-31', '2018-02-11 07:21:39', NULL),
(45, 'UA49939754679127651605948161', 'Verda', 'Friesen', 'Purdy', '2002-06-04', 15, NULL, NULL, NULL, NULL, 1, '1992-02-14', '2018-02-11 07:21:39', NULL),
(46, 'UA91229404692753944826746470', 'Andre', 'Murray', 'Smitham', '2010-01-13', 15, NULL, NULL, NULL, NULL, 0, '1998-04-22', '2018-02-11 07:21:39', NULL),
(47, 'UA55040657457115216260669212', 'Hayley', 'Heller', 'Fritsch', '2009-07-15', 3, NULL, NULL, NULL, NULL, 0, '2010-10-05', '2018-02-11 07:21:39', NULL),
(48, 'UA93806674858794868559301273', 'Jordon', 'Okuneva', 'Roberts', '2004-04-12', 7, NULL, NULL, NULL, NULL, 1, '2007-05-21', '2018-02-11 07:21:39', NULL),
(49, 'UA20042126682142883644592065', 'Theodora', 'Boyer', 'Predovic', '2001-01-14', 16, NULL, NULL, NULL, NULL, 1, '1993-03-20', '2018-02-11 07:21:39', NULL),
(50, 'UA02194215625685051763195899', 'Jamey', 'Cremin', 'Jaskolski', '2001-11-21', 2, NULL, NULL, NULL, NULL, 0, '2004-01-11', '2018-02-11 07:21:39', NULL),
(51, 'UA20502637149939747527078641', 'Hilbert', 'Gulgowski', 'Mann', '2002-06-10', 5, NULL, NULL, NULL, NULL, 0, '2010-01-06', '2018-02-11 07:21:39', NULL),
(52, 'UA44006911600815945004347893', 'Jalon', 'Hickle', 'Wolff', '2015-05-11', 16, NULL, NULL, NULL, NULL, 1, '1995-12-31', '2018-02-11 07:21:39', NULL),
(53, 'UA96315515813053708083741934', 'Mateo', 'Davis', 'Wolf', '2013-05-12', 7, NULL, NULL, NULL, NULL, 1, '2002-05-23', '2018-02-11 07:21:39', NULL),
(54, 'UA40520122976161706044068702', 'Zack', 'McLaughlin', 'Bins', '2016-02-21', 5, NULL, NULL, NULL, NULL, 0, '1998-10-10', '2018-02-11 07:21:39', NULL),
(55, 'UA60391531542605951547206387', 'Domenica', 'McClure', 'Bergstrom', '1999-09-25', 17, NULL, NULL, NULL, NULL, 0, '2016-11-10', '2018-02-11 07:21:39', NULL),
(56, 'UA43821726635495295411729363', 'Andy', 'Murray', 'Abernathy', '2010-05-26', 9, NULL, NULL, NULL, NULL, 0, '2013-07-21', '2018-02-11 07:21:39', NULL),
(57, 'UA48162950734971660719613164', 'Jeromy', 'Kertzmann', 'Larkin', '2017-03-05', 1, NULL, NULL, NULL, NULL, 0, '2002-03-26', '2018-02-11 07:21:39', NULL),
(58, 'UA75283280062958622692491177', 'Mervin', 'Schowalter', 'Deckow', '2003-10-12', 18, NULL, NULL, NULL, NULL, 0, '2004-09-08', '2018-02-11 07:21:39', NULL),
(59, 'UA05185722106423971554889693', 'Vena', 'King', 'Kub', '1989-07-13', 11, NULL, NULL, NULL, NULL, 0, '1995-05-07', '2018-02-11 07:21:39', NULL),
(60, 'UA45287211918436287300026476', 'Jamey', 'Bins', 'Robel', '1993-04-13', 5, NULL, NULL, NULL, NULL, 0, '2014-05-16', '2018-02-11 07:21:39', NULL),
(61, 'UA07766447273104244766708521', 'Aida', 'Adams', 'Bauch', '1996-08-10', 7, NULL, NULL, NULL, NULL, 0, '2009-07-01', '2018-02-11 07:21:39', NULL),
(62, 'UA34227130972852376851325707', 'Kris', 'Metz', 'D\'Amore', '2012-07-30', 20, NULL, NULL, NULL, NULL, 1, '2008-07-30', '2018-02-11 07:21:39', NULL),
(63, 'UA04931435186280235221274185', 'Ruthe', 'Lubowitz', 'Mann', '1990-08-31', 11, NULL, NULL, NULL, NULL, 0, '1989-12-22', '2018-02-11 07:21:39', NULL),
(64, 'UA11172496363344102974700278', 'Randall', 'Jacobson', 'Corwin', '2005-10-04', 6, NULL, NULL, NULL, NULL, 0, '2010-08-04', '2018-02-11 07:21:39', NULL),
(65, 'UA02266674854276566703221000', 'Domenick', 'Herzog', 'Bogisich', '1990-05-28', 3, NULL, NULL, NULL, NULL, 0, '2010-02-12', '2018-02-11 07:21:39', NULL),
(66, 'UA60542250593757563882872309', 'Tod', 'Zemlak', 'Mertz', '1999-02-08', 1, NULL, NULL, NULL, NULL, 1, '2013-10-22', '2018-02-11 07:21:39', NULL),
(67, 'UA60472888873580298119681125', 'Rita', 'Huels', 'Kilback', '2011-05-28', 11, NULL, NULL, NULL, NULL, 0, '1999-08-25', '2018-02-11 07:21:39', NULL),
(68, 'UA48441202719643270192697558', 'Jaleel', 'Reichel', 'Goyette', '2001-05-20', 3, NULL, NULL, NULL, NULL, 1, '1991-10-02', '2018-02-11 07:21:39', NULL),
(69, 'UA62074736937134010957788140', 'Frieda', 'O\'Kon', 'Gutmann', '1992-04-18', 14, NULL, NULL, NULL, NULL, 0, '1989-05-20', '2018-02-11 07:21:39', NULL),
(70, 'UA51673482695978589634571183', 'Isabell', 'Farrell', 'Emmerich', '2012-09-17', 7, NULL, NULL, NULL, NULL, 0, '1993-11-18', '2018-02-11 07:21:39', NULL),
(71, 'UA16298135340219782418877552', 'Margie', 'Bosco', 'Auer', '2013-11-28', 12, NULL, NULL, NULL, NULL, 0, '2014-11-07', '2018-02-11 07:21:39', NULL),
(72, 'UA80898103066159475559748680', 'Emie', 'Kunze', 'Schmitt', '2001-07-18', 2, NULL, NULL, NULL, NULL, 0, '1997-08-13', '2018-02-11 07:21:39', NULL),
(73, 'UA55930220230725854346546539', 'Maximus', 'Mertz', 'Buckridge', '1996-05-14', 19, NULL, NULL, NULL, NULL, 1, '1995-07-26', '2018-02-11 07:21:39', NULL),
(74, 'UA52928621650451110696807802', 'Estevan', 'Kemmer', 'Koepp', '2003-12-22', 19, NULL, NULL, NULL, NULL, 1, '2004-05-19', '2018-02-11 07:21:39', NULL),
(75, 'UA96449006794596407283027463', 'Hettie', 'Boehm', 'Goyette', '1998-08-28', 8, NULL, NULL, NULL, NULL, 0, '1996-04-19', '2018-02-11 07:21:39', NULL),
(76, 'UA70098489175184584658112175', 'Cleora', 'Murphy', 'Parker', '1994-09-22', 13, NULL, NULL, NULL, NULL, 1, '1988-12-11', '2018-02-11 07:21:39', NULL),
(77, 'UA84455908950138208216279913', 'Nella', 'Lebsack', 'Runolfsson', '1988-11-18', 8, NULL, NULL, NULL, NULL, 1, '2007-07-15', '2018-02-11 07:21:39', NULL),
(78, 'UA46649839855171489889318965', 'Fabian', 'Kuhn', 'Schultz', '1996-02-04', 10, NULL, NULL, NULL, NULL, 0, '2014-01-14', '2018-02-11 07:21:39', NULL),
(79, 'UA42903595010186738103445633', 'Marta', 'Thompson', 'Moore', '1994-05-23', 1, NULL, NULL, NULL, NULL, 0, '2009-07-13', '2018-02-11 07:21:39', NULL),
(80, 'UA89068129068036617232063141', 'Theo', 'Moore', 'Ruecker', '1992-10-02', 10, NULL, NULL, NULL, NULL, 0, '1991-08-06', '2018-02-11 07:21:39', NULL),
(81, 'UA45910181406553204727103632', 'Rhett', 'Rath', 'Koepp', '2001-11-14', 16, NULL, NULL, NULL, NULL, 0, '2008-01-18', '2018-02-11 07:21:39', NULL),
(82, 'UA71870828935195613261476019', 'Edward', 'Effertz', 'Veum', '2002-06-23', 4, NULL, NULL, NULL, NULL, 0, '2012-12-24', '2018-02-11 07:21:39', NULL),
(83, 'UA14950160526384024694620808', 'Pasquale', 'Corwin', 'Glover', '1993-06-11', 8, NULL, NULL, NULL, NULL, 0, '1996-05-17', '2018-02-11 07:21:39', NULL),
(84, 'UA86966359051984925351273585', 'Josephine', 'Koelpin', 'Volkman', '2010-08-12', 10, NULL, NULL, NULL, NULL, 0, '2018-01-23', '2018-02-11 07:21:39', NULL),
(85, 'UA07034336372550467435530221', 'Vilma', 'Tillman', 'Hagenes', '1991-08-03', 19, NULL, NULL, NULL, NULL, 0, '1999-09-14', '2018-02-11 07:21:39', NULL),
(86, 'UA61124765463316736190398626', 'Kathlyn', 'Ruecker', 'Altenwerth', '2004-02-14', 17, NULL, NULL, NULL, NULL, 1, '2011-04-28', '2018-02-11 07:21:39', NULL),
(87, 'UA14766453713793414813837458', 'Reagan', 'Schmeler', 'West', '1992-05-05', 1, NULL, NULL, NULL, NULL, 1, '1994-03-25', '2018-02-11 07:21:39', NULL),
(88, 'UA41217596565002937784341068', 'Jammie', 'D\'Amore', 'Hauck', '2008-10-20', 15, NULL, NULL, NULL, NULL, 1, '2010-05-19', '2018-02-11 07:21:39', NULL),
(89, 'UA76700777174950574890119612', 'Cody', 'Stiedemann', 'Wehner', '2001-05-30', 16, NULL, NULL, NULL, NULL, 1, '2012-08-10', '2018-02-11 07:21:39', NULL),
(90, 'UA17247637740075321143646675', 'Eldridge', 'Ondricka', 'Wilderman', '2017-12-22', 11, NULL, NULL, NULL, NULL, 1, '2007-10-04', '2018-02-11 07:21:39', NULL),
(91, 'UA09636462596123850801770254', 'Dessie', 'Wyman', 'Wolff', '2000-02-04', 8, NULL, NULL, NULL, NULL, 1, '1989-04-15', '2018-02-11 07:21:39', NULL),
(92, 'UA61097566557430505319530592', 'Manley', 'Volkman', 'Mohr', '2006-05-27', 5, NULL, NULL, NULL, NULL, 0, '2004-07-05', '2018-02-11 07:21:39', NULL),
(93, 'UA74898003025195292717873276', 'Ellie', 'Block', 'Crona', '1990-12-18', 15, NULL, NULL, NULL, NULL, 1, '2003-03-13', '2018-02-11 07:21:39', NULL),
(94, 'UA45795859049617007880814494', 'Marco', 'Abshire', 'Purdy', '2013-09-20', 1, NULL, NULL, NULL, NULL, 0, '1990-09-30', '2018-02-11 07:21:39', NULL),
(95, 'UA21940074169940859631636982', 'Aubrey', 'Nolan', 'Bradtke', '1999-05-29', 8, NULL, NULL, NULL, NULL, 1, '1998-03-26', '2018-02-11 07:21:39', NULL),
(96, 'UA10788729820573222975469819', 'Demetrius', 'Homenick', 'Macejkovic', '2010-03-19', 6, NULL, NULL, NULL, NULL, 1, '2001-06-04', '2018-02-11 07:21:39', NULL),
(97, 'UA10041909848363163841572914', 'Kaia', 'Welch', 'Tromp', '1993-06-30', 4, NULL, NULL, NULL, NULL, 0, '2002-02-02', '2018-02-11 07:21:39', NULL),
(98, 'UA12007481963778046102451533', 'Esther', 'Russel', 'Beatty', '1995-10-07', 7, NULL, NULL, NULL, NULL, 0, '2000-11-01', '2018-02-11 07:21:39', NULL),
(99, 'UA83678417811582446017947761', 'Sheldon', 'Emmerich', 'Lockman', '1996-02-03', 8, NULL, NULL, NULL, NULL, 0, '2007-05-28', '2018-02-11 07:21:39', NULL),
(100, 'UA59105590509671919787605069', 'Rowena', 'Hane', 'Johnson', '1993-02-21', 1, NULL, NULL, NULL, NULL, 0, '2014-02-07', '2018-02-11 07:21:39', NULL),
(101, 'UA56846715295459844372540819', 'Davonte', 'Welch', 'Jaskolski', '1993-07-20', 1, NULL, NULL, NULL, NULL, 0, '2000-01-03', '2018-02-11 07:21:39', NULL),
(102, 'UA48184023589640460538366527', 'Rene', 'Feil', 'Legros', '1994-10-06', 14, NULL, NULL, NULL, NULL, 0, '1993-10-16', '2018-02-11 07:21:39', NULL),
(103, 'UA29184081359042948038122512', 'Fae', 'Johns', 'Jacobs', '2012-09-16', 14, NULL, NULL, NULL, NULL, 0, '1988-11-07', '2018-02-11 07:21:39', NULL),
(104, 'UA94375620665173332022296904', 'Hanna', 'Grimes', 'Aufderhar', '2014-07-20', 10, NULL, NULL, NULL, NULL, 1, '1989-04-25', '2018-02-11 07:21:39', NULL),
(105, 'UA08874299694904833172999233', 'Jamarcus', 'Witting', 'Lindgren', '2004-03-15', 3, NULL, NULL, NULL, NULL, 1, '1997-04-05', '2018-02-11 07:21:39', NULL),
(106, 'UA95666979543786425240929903', 'Evie', 'Rath', 'Labadie', '1993-05-09', 8, NULL, NULL, NULL, NULL, 1, '2010-10-27', '2018-02-11 07:21:39', NULL),
(107, 'UA47156415332619068486348307', 'Issac', 'Bednar', 'Macejkovic', '1992-08-08', 2, NULL, NULL, NULL, NULL, 1, '1993-07-13', '2018-02-11 07:21:39', NULL),
(108, 'UA41595709269929824127271087', 'Rex', 'Torphy', 'Mraz', '2013-07-26', 20, NULL, NULL, NULL, NULL, 0, '2015-05-30', '2018-02-11 07:21:39', NULL),
(109, 'UA44608287483520151573540369', 'Callie', 'Jakubowski', 'Hamill', '2011-10-05', 18, NULL, NULL, NULL, NULL, 1, '1990-10-24', '2018-02-11 07:21:39', NULL),
(110, 'UA59370277711868404981322131', 'Rashad', 'Lakin', 'Rolfson', '2011-06-11', 6, NULL, NULL, NULL, NULL, 0, '1989-12-05', '2018-02-11 07:21:39', NULL),
(111, 'UA91113445004058870959664186', 'Alene', 'Little', 'Waters', '1992-06-09', 13, NULL, NULL, NULL, NULL, 0, '1992-02-17', '2018-02-11 07:21:39', NULL),
(112, 'UA61192863666293485228225909', 'Gillian', 'Stracke', 'Moen', '2012-09-27', 13, NULL, NULL, NULL, NULL, 1, '2008-04-19', '2018-02-11 07:21:39', NULL),
(113, 'UA19810499696492154076991305', 'Toby', 'Osinski', 'Tromp', '2014-12-12', 7, NULL, NULL, NULL, NULL, 1, '2005-04-20', '2018-02-11 07:21:39', NULL),
(114, 'UA39883167991490378167173581', 'Harold', 'Stamm', 'Ondricka', '2012-08-23', 17, NULL, NULL, NULL, NULL, 0, '2006-08-18', '2018-02-11 07:21:39', NULL),
(115, 'UA29264773913647288324102615', 'Eulah', 'McGlynn', 'O\'Conner', '1990-08-29', 18, NULL, NULL, NULL, NULL, 0, '2005-06-28', '2018-02-11 07:21:39', NULL),
(116, 'UA66912374186741808361019270', 'Jeff', 'Gutkowski', 'Schimmel', '2009-09-29', 10, NULL, NULL, NULL, NULL, 1, '2014-03-14', '2018-02-11 07:21:39', NULL),
(117, 'UA93062973261183720946274103', 'Ena', 'Raynor', 'Altenwerth', '1995-03-06', 14, NULL, NULL, NULL, NULL, 0, '1994-10-05', '2018-02-11 07:21:39', NULL),
(118, 'UA87216747737105594642312289', 'Orval', 'Goodwin', 'Weber', '2006-06-28', 4, NULL, NULL, NULL, NULL, 1, '2016-04-20', '2018-02-11 07:21:39', NULL),
(119, 'UA51365157827484351529521925', 'Deion', 'Wilderman', 'Crist', '1996-03-07', 17, NULL, NULL, NULL, NULL, 1, '1995-08-12', '2018-02-11 07:21:39', NULL),
(120, 'UA56540602874928050278741578', 'Addison', 'Bashirian', 'Yost', '1994-09-17', 4, NULL, NULL, NULL, NULL, 1, '2000-09-29', '2018-02-11 07:21:39', NULL),
(121, 'UA21005149834322930220550783', 'Al', 'Gulgowski', 'Stracke', '1997-09-26', 12, NULL, NULL, NULL, NULL, 1, '1998-12-25', '2018-02-11 07:21:39', NULL),
(122, 'UA78310936767537654957048500', 'Kathryne', 'Ankunding', 'Goldner', '2006-04-20', 16, NULL, NULL, NULL, NULL, 0, '2007-07-11', '2018-02-11 07:21:39', NULL),
(123, 'UA36081638225844288047649842', 'Annabelle', 'Hahn', 'Goldner', '2017-03-28', 13, NULL, NULL, NULL, NULL, 0, '1992-11-13', '2018-02-11 07:21:39', NULL),
(124, 'UA27830405387502379648174406', 'Faye', 'Ferry', 'Rutherford', '2010-08-03', 4, NULL, NULL, NULL, NULL, 1, '2017-07-18', '2018-02-11 07:21:39', NULL),
(125, 'UA49056135306629578487650169', 'Hardy', 'Kreiger', 'Marks', '2016-10-14', 20, NULL, NULL, NULL, NULL, 1, '1990-11-15', '2018-02-11 07:21:39', NULL),
(126, 'UA08673969235160439474376534', 'Joe', 'Spencer', 'Keebler', '2013-07-17', 17, NULL, NULL, NULL, NULL, 1, '1990-12-31', '2018-02-11 07:21:39', NULL),
(127, 'UA90435916851481083947395394', 'Rollin', 'Corwin', 'Gutkowski', '2007-11-23', 17, NULL, NULL, NULL, NULL, 1, '1988-05-12', '2018-02-11 07:21:39', NULL),
(128, 'UA06647754277237189744431980', 'Shane', 'Halvorson', 'Borer', '1998-10-11', 14, NULL, NULL, NULL, NULL, 0, '1992-02-08', '2018-02-11 07:21:39', NULL),
(129, 'UA40287007004763728593052708', 'Ayla', 'Hahn', 'Larkin', '2001-04-27', 2, NULL, NULL, NULL, NULL, 0, '1993-04-23', '2018-02-11 07:21:39', NULL),
(130, 'UA60165178195853382065341747', 'Maureen', 'Treutel', 'West', '2001-02-21', 15, NULL, NULL, NULL, NULL, 1, '1995-08-09', '2018-02-11 07:21:39', NULL),
(131, 'UA44301120299689268745269836', 'Antonette', 'Miller', 'Marvin', '2005-06-20', 1, NULL, NULL, NULL, NULL, 0, '2003-10-05', '2018-02-11 07:21:39', NULL),
(132, 'UA68178369519881108836909403', 'Brennon', 'Walker', 'Bosco', '2016-08-20', 5, NULL, NULL, NULL, NULL, 0, '2011-10-09', '2018-02-11 07:21:39', NULL),
(133, 'UA21839365237091190031547518', 'Macie', 'Waters', 'Schowalter', '1997-07-19', 4, NULL, NULL, NULL, NULL, 0, '2015-05-03', '2018-02-11 07:21:39', NULL),
(134, 'UA70195345664717519623154278', 'Alexys', 'Dooley', 'Mayer', '1997-09-26', 18, NULL, NULL, NULL, NULL, 1, '2015-03-24', '2018-02-11 07:21:39', NULL),
(135, 'UA15315772834929945789293052', 'Claude', 'Jast', 'Pollich', '2002-02-18', 3, NULL, NULL, NULL, NULL, 1, '1995-08-26', '2018-02-11 07:21:39', NULL),
(136, 'UA32505394241983995619016295', 'Izaiah', 'Pacocha', 'Gusikowski', '2003-01-08', 16, NULL, NULL, NULL, NULL, 0, '2009-08-23', '2018-02-11 07:21:39', NULL),
(137, 'UA27954166105793376963423433', 'Nikki', 'Vandervort', 'Wyman', '2016-10-16', 9, NULL, NULL, NULL, NULL, 1, '1993-09-07', '2018-02-11 07:21:39', NULL),
(138, 'UA52302336725828985309058528', 'Dagmar', 'Gleason', 'Wiza', '2007-11-13', 18, NULL, NULL, NULL, NULL, 0, '2012-07-27', '2018-02-11 07:21:40', NULL),
(139, 'UA82259109312103857343108195', 'Kailey', 'DuBuque', 'Boehm', '2017-01-29', 16, NULL, NULL, NULL, NULL, 0, '1993-10-15', '2018-02-11 07:21:40', NULL),
(140, 'UA64981993603730224020027610', 'Mekhi', 'Turner', 'Willms', '2001-05-20', 9, NULL, NULL, NULL, NULL, 0, '2015-03-28', '2018-02-11 07:21:40', NULL),
(141, 'UA45448811192105955660999765', 'Jakob', 'Towne', 'Kling', '1989-04-12', 12, NULL, NULL, NULL, NULL, 1, '1997-09-13', '2018-02-11 07:21:40', NULL),
(142, 'UA17838426791008232345636074', 'Bo', 'Rohan', 'Koelpin', '1999-06-30', 12, NULL, NULL, NULL, NULL, 1, '2005-06-05', '2018-02-11 07:21:40', NULL),
(143, 'UA81047908142716238518037452', 'Greyson', 'Cartwright', 'Price', '1996-08-31', 16, NULL, NULL, NULL, NULL, 1, '2010-04-30', '2018-02-11 07:21:40', NULL),
(144, 'UA23054587733408596574973999', 'Mariano', 'Mertz', 'Block', '2003-08-17', 10, NULL, NULL, NULL, NULL, 1, '1994-07-08', '2018-02-11 07:21:40', NULL),
(145, 'UA03970497032633316304471171', 'Guiseppe', 'Kessler', 'Boyle', '1999-04-08', 2, NULL, NULL, NULL, NULL, 0, '2001-04-20', '2018-02-11 07:21:40', NULL),
(146, 'UA02116573921495389253901345', 'Green', 'Rowe', 'Nader', '2002-05-11', 2, NULL, NULL, NULL, NULL, 1, '1996-10-22', '2018-02-11 07:21:40', NULL),
(147, 'UA12602074947938247392353599', 'Rod', 'Ortiz', 'Legros', '1994-06-06', 2, NULL, NULL, NULL, NULL, 1, '1995-04-28', '2018-02-11 07:21:40', NULL),
(148, 'UA05489817337293500866121462', 'Lucie', 'Schulist', 'Cole', '1996-12-17', 14, NULL, NULL, NULL, NULL, 1, '2016-12-11', '2018-02-11 07:21:40', NULL),
(149, 'UA04605635229396921246837730', 'Ida', 'Renner', 'Schowalter', '2002-05-07', 11, NULL, NULL, NULL, NULL, 0, '1996-11-16', '2018-02-11 07:21:40', NULL),
(150, 'UA98205307652490755315900305', 'Rocky', 'Cruickshank', 'Stokes', '2006-10-15', 3, NULL, NULL, NULL, NULL, 1, '1998-06-16', '2018-02-11 07:21:40', NULL),
(151, 'UA59127755780475331511630607', 'Vada', 'Borer', 'Bode', '2000-11-17', 5, NULL, NULL, NULL, NULL, 0, '2014-05-29', '2018-02-11 07:21:40', NULL),
(152, 'UA57641162332151393520815472', 'Gina', 'Eichmann', 'Jakubowski', '2007-02-16', 19, NULL, NULL, NULL, NULL, 1, '2017-05-14', '2018-02-11 07:21:40', NULL),
(153, 'UA13909489148486484088364253', 'Felicia', 'Erdman', 'Heathcote', '2005-03-11', 16, NULL, NULL, NULL, NULL, 0, '1991-02-15', '2018-02-11 07:21:40', NULL),
(154, 'UA74212213349413852329251703', 'Bernhard', 'Swaniawski', 'Mitchell', '2003-04-24', 13, NULL, NULL, NULL, NULL, 1, '2017-02-01', '2018-02-11 07:21:40', NULL),
(155, 'UA36696981247286161139506211', 'Domenic', 'Runolfsson', 'Macejkovic', '1998-10-31', 1, NULL, NULL, NULL, NULL, 0, '2009-08-06', '2018-02-11 07:21:40', NULL),
(156, 'UA71832020686583750508865094', 'Clay', 'Dickens', 'Berge', '2015-01-14', 18, NULL, NULL, NULL, NULL, 0, '2010-03-20', '2018-02-11 07:21:40', NULL),
(157, 'UA73816031638775824605803626', 'Sydney', 'Keebler', 'McLaughlin', '2012-03-05', 19, NULL, NULL, NULL, NULL, 1, '1988-05-16', '2018-02-11 07:21:40', NULL),
(158, 'UA53162299632769506570219953', 'Hope', 'Watsica', 'Heaney', '1997-09-27', 11, NULL, NULL, NULL, NULL, 0, '2002-05-05', '2018-02-11 07:21:40', NULL),
(159, 'UA16326882792407930978552654', 'Maggie', 'Cremin', 'Pacocha', '1993-08-14', 13, NULL, NULL, NULL, NULL, 1, '1993-01-26', '2018-02-11 07:21:40', NULL),
(160, 'UA86758199379041120709768925', 'Raleigh', 'Treutel', 'Tromp', '2007-05-14', 20, NULL, NULL, NULL, NULL, 1, '2016-11-03', '2018-02-11 07:21:40', NULL),
(161, 'UA71828459372112246363132432', 'Kavon', 'Christiansen', 'Monahan', '2011-04-22', 7, NULL, NULL, NULL, NULL, 1, '2012-04-09', '2018-02-11 07:21:40', NULL),
(162, 'UA30216476650363044877497750', 'Rene', 'Bergstrom', 'Rice', '1998-01-10', 12, NULL, NULL, NULL, NULL, 1, '2001-07-13', '2018-02-11 07:21:40', NULL),
(163, 'UA23869728021153584595661294', 'Nicolas', 'Bradtke', 'Konopelski', '1998-03-19', 15, NULL, NULL, NULL, NULL, 0, '1998-02-08', '2018-02-11 07:21:40', NULL),
(164, 'UA90532892811333010389566286', 'Felipa', 'Kuhlman', 'Gaylord', '1998-04-30', 17, NULL, NULL, NULL, NULL, 0, '1988-05-15', '2018-02-11 07:21:40', NULL),
(165, 'UA74257742935900575798515410', 'Verna', 'West', 'Shields', '2003-09-13', 8, NULL, NULL, NULL, NULL, 1, '1988-07-31', '2018-02-11 07:21:40', NULL),
(166, 'UA14451036208141758405041629', 'Hubert', 'Hessel', 'Thompson', '1993-01-15', 4, NULL, NULL, NULL, NULL, 1, '1990-08-13', '2018-02-11 07:21:40', NULL),
(167, 'UA40697696613706031272913173', 'Taurean', 'Wunsch', 'Larkin', '1997-01-02', 9, NULL, NULL, NULL, NULL, 0, '2002-07-09', '2018-02-11 07:21:40', NULL),
(168, 'UA09961736159849261519692574', 'Fredrick', 'Purdy', 'Bergnaum', '2014-10-31', 2, NULL, NULL, NULL, NULL, 1, '2003-10-30', '2018-02-11 07:21:40', NULL),
(169, 'UA36652010847860375277117474', 'Ayla', 'Roberts', 'Moore', '1999-09-30', 17, NULL, NULL, NULL, NULL, 1, '2015-02-10', '2018-02-11 07:21:40', NULL),
(170, 'UA08249611354441219709889572', 'Emilio', 'Wintheiser', 'Koepp', '2005-04-17', 6, NULL, NULL, NULL, NULL, 0, '1998-04-21', '2018-02-11 07:21:40', NULL),
(171, 'UA16009472807103664848141182', 'Melissa', 'Breitenberg', 'Hahn', '1996-02-01', 5, NULL, NULL, NULL, NULL, 1, '1994-09-01', '2018-02-11 07:21:40', NULL),
(172, 'UA93348217649189882046343256', 'Rudolph', 'Carter', 'Farrell', '2002-08-14', 8, NULL, NULL, NULL, NULL, 1, '2009-04-02', '2018-02-11 07:21:40', NULL),
(173, 'UA87239877591693368716493862', 'Nakia', 'Raynor', 'Hamill', '2000-01-20', 13, NULL, NULL, NULL, NULL, 0, '2011-11-15', '2018-02-11 07:21:40', NULL),
(174, 'UA65375561770554631096665602', 'Adolph', 'Raynor', 'Ullrich', '2003-05-25', 17, NULL, NULL, NULL, NULL, 0, '2014-03-08', '2018-02-11 07:21:40', NULL),
(175, 'UA69462801687975891288116604', 'Abdullah', 'Schimmel', 'Anderson', '1994-12-25', 16, NULL, NULL, NULL, NULL, 0, '2001-11-09', '2018-02-11 07:21:40', NULL),
(176, 'UA64766929090468622785826634', 'Shaylee', 'Anderson', 'Lowe', '2007-12-02', 8, NULL, NULL, NULL, NULL, 1, '1988-06-14', '2018-02-11 07:21:40', NULL),
(177, 'UA57405836116306902366841510', 'Nayeli', 'Koepp', 'Block', '2015-01-07', 1, NULL, NULL, NULL, NULL, 0, '2004-01-18', '2018-02-11 07:21:40', NULL),
(178, 'UA15340480852167621197278556', 'Zachary', 'Ward', 'Kassulke', '1999-01-20', 3, NULL, NULL, NULL, NULL, 1, '2001-10-23', '2018-02-11 07:21:40', NULL),
(179, 'UA52176606568933389081629819', 'Austen', 'Becker', 'Stanton', '2015-04-22', 19, NULL, NULL, NULL, NULL, 0, '2010-06-30', '2018-02-11 07:21:40', NULL),
(180, 'UA31361741435635194764208384', 'Juvenal', 'Glover', 'Reinger', '2008-06-15', 1, NULL, NULL, NULL, NULL, 1, '2000-10-27', '2018-02-11 07:21:40', NULL),
(181, 'UA76325003417618454233881030', 'Talia', 'McGlynn', 'Stamm', '2016-11-13', 19, NULL, NULL, NULL, NULL, 1, '2007-06-24', '2018-02-11 07:21:40', NULL),
(182, 'UA15655788958916693143418267', 'Keely', 'Gleason', 'Mayert', '1990-06-19', 3, NULL, NULL, NULL, NULL, 0, '1993-03-27', '2018-02-11 07:21:40', NULL),
(183, 'UA14587738804059840709907335', 'Arden', 'Zulauf', 'Kemmer', '1991-09-18', 7, NULL, NULL, NULL, NULL, 0, '2007-06-25', '2018-02-11 07:21:40', NULL),
(184, 'UA64320009038306459481250066', 'Kelli', 'Bauch', 'Lubowitz', '2016-06-09', 14, NULL, NULL, NULL, NULL, 0, '2015-07-18', '2018-02-11 07:21:40', NULL),
(185, 'UA64561070935030217314465965', 'Robb', 'Lakin', 'Hane', '2015-09-02', 14, NULL, NULL, NULL, NULL, 1, '1989-07-25', '2018-02-11 07:21:40', NULL),
(186, 'UA68808580628261767969149910', 'Selmer', 'O\'Connell', 'DuBuque', '1991-05-26', 3, NULL, NULL, NULL, NULL, 0, '1993-01-25', '2018-02-11 07:21:40', NULL),
(187, 'UA03016343088017998218792951', 'Jaylen', 'Morar', 'Krajcik', '1988-11-22', 13, NULL, NULL, NULL, NULL, 0, '1992-01-02', '2018-02-11 07:21:40', NULL),
(188, 'UA50035807354617459453267637', 'Rosalee', 'O\'Kon', 'Cummings', '2013-12-04', 7, NULL, NULL, NULL, NULL, 0, '2015-10-19', '2018-02-11 07:21:40', NULL),
(189, 'UA48834406448360661373293879', 'Carlie', 'Weimann', 'Roob', '1995-12-22', 3, NULL, NULL, NULL, NULL, 0, '2004-09-11', '2018-02-11 07:21:40', NULL),
(190, 'UA92278572434345326800563020', 'Marilie', 'Homenick', 'Borer', '1991-07-14', 8, NULL, NULL, NULL, NULL, 0, '1999-04-02', '2018-02-11 07:21:40', NULL),
(191, 'UA32735548746275474235101165', 'Laury', 'Graham', 'Fahey', '1995-01-20', 2, NULL, NULL, NULL, NULL, 1, '2000-12-02', '2018-02-11 07:21:40', NULL),
(192, 'UA10460307448888659436508979', 'America', 'Dietrich', 'Auer', '2011-04-22', 12, NULL, NULL, NULL, NULL, 0, '1993-09-06', '2018-02-11 07:21:40', NULL),
(193, 'UA58032167628790730304513096', 'Henderson', 'Kris', 'Rosenbaum', '2017-10-20', 18, NULL, NULL, NULL, NULL, 1, '2004-01-19', '2018-02-11 07:21:40', NULL),
(194, 'UA32071299030327853061417436', 'Santina', 'Torphy', 'Dickens', '2005-05-02', 16, NULL, NULL, NULL, NULL, 0, '2004-07-17', '2018-02-11 07:21:40', NULL),
(195, 'UA50346334318024547295079746', 'Eulah', 'Mertz', 'Harber', '1996-09-02', 8, NULL, NULL, NULL, NULL, 1, '1994-08-23', '2018-02-11 07:21:40', NULL),
(196, 'UA07166650588890188233322937', 'Merlin', 'Towne', 'Mante', '1991-08-09', 16, NULL, NULL, NULL, NULL, 0, '2007-04-28', '2018-02-11 07:21:40', NULL),
(197, 'UA85414543347563732718029123', 'John', 'Hessel', 'McCullough', '2013-11-28', 11, NULL, NULL, NULL, NULL, 1, '2001-03-14', '2018-02-11 07:21:40', NULL),
(198, 'UA86453233444805515989687814', 'Tyreek', 'Effertz', 'Champlin', '2003-03-08', 8, NULL, NULL, NULL, NULL, 1, '2012-05-18', '2018-02-11 07:21:40', NULL),
(199, 'UA73941121046954443517156744', 'Gerard', 'Runolfsdottir', 'Stehr', '2011-12-10', 6, NULL, NULL, NULL, NULL, 0, '2012-09-01', '2018-02-11 07:21:40', NULL),
(200, 'UA24379625800414134103518384', 'Courtney', 'Batz', 'Reichert', '2012-12-22', 19, NULL, NULL, NULL, NULL, 1, '2011-12-08', '2018-02-11 07:21:40', NULL),
(201, 'UA12520431476958154030667502', 'Sasha', 'Flatley', 'McKenzie', '2004-07-06', 12, NULL, NULL, NULL, NULL, 0, '2000-02-28', '2018-02-11 07:21:40', NULL),
(202, 'UA85201550072011345883984224', 'Alex', 'Balistreri', 'Satterfield', '2006-11-13', 11, NULL, NULL, NULL, NULL, 1, '1998-01-22', '2018-02-11 07:21:40', NULL),
(203, 'UA20966534402209158193618823', 'Johnpaul', 'Anderson', 'Rath', '1989-04-06', 1, NULL, NULL, NULL, NULL, 1, '2013-01-05', '2018-02-11 07:21:40', NULL),
(204, 'UA88997371558925644635704941', 'Eleazar', 'Weissnat', 'Kerluke', '2010-05-04', 6, NULL, NULL, NULL, NULL, 0, '1992-09-18', '2018-02-11 07:21:40', NULL),
(205, 'UA25721630788661568772884493', 'Oda', 'Bechtelar', 'Heaney', '1996-12-06', 10, NULL, NULL, NULL, NULL, 1, '2007-12-01', '2018-02-11 07:21:40', NULL),
(206, 'UA40690125436367189720849285', 'Estevan', 'Bailey', 'Stamm', '2006-07-19', 7, NULL, NULL, NULL, NULL, 1, '1988-09-06', '2018-02-11 07:21:40', NULL),
(207, 'UA66258657778470365244785967', 'Calista', 'Baumbach', 'Barton', '2008-10-06', 5, NULL, NULL, NULL, NULL, 1, '2015-01-19', '2018-02-11 07:21:40', NULL),
(208, 'UA37869877158426893767735812', 'Patricia', 'Ruecker', 'Kessler', '2011-03-07', 13, NULL, NULL, NULL, NULL, 1, '1998-01-05', '2018-02-11 07:21:40', NULL),
(209, 'UA02988649895189685617453740', 'Micah', 'Stehr', 'Gibson', '1993-02-28', 4, NULL, NULL, NULL, NULL, 1, '2010-06-29', '2018-02-11 07:21:40', NULL),
(210, 'UA70534210859727291974217447', 'Bette', 'O\'Kon', 'Kohler', '1994-10-26', 9, NULL, NULL, NULL, NULL, 1, '2016-03-26', '2018-02-11 07:21:40', NULL),
(211, 'UA95959010917904712366893531', 'Reynold', 'Dicki', 'Funk', '2010-10-28', 15, NULL, NULL, NULL, NULL, 0, '2015-09-06', '2018-02-11 07:21:40', NULL),
(212, 'UA17716770337603200556136516', 'Krystel', 'O\'Conner', 'Hirthe', '2010-11-16', 14, NULL, NULL, NULL, NULL, 1, '2010-11-30', '2018-02-11 07:21:40', NULL),
(213, 'UA36567871693011791805330097', 'Hertha', 'Gibson', 'Shields', '1997-09-05', 2, NULL, NULL, NULL, NULL, 1, '1997-06-13', '2018-02-11 07:21:40', NULL),
(214, 'UA39077672990493173883057559', 'Marcos', 'Jaskolski', 'Blick', '2016-10-23', 12, NULL, NULL, NULL, NULL, 0, '2012-10-09', '2018-02-11 07:21:40', NULL),
(215, 'UA73184818083099010577277909', 'Everardo', 'Steuber', 'Bogisich', '2011-05-02', 18, NULL, NULL, NULL, NULL, 1, '2017-03-11', '2018-02-11 07:21:40', NULL),
(216, 'UA13430273205206512645155709', 'Delphine', 'O\'Keefe', 'Blanda', '2004-11-01', 8, NULL, NULL, NULL, NULL, 0, '1988-10-17', '2018-02-11 07:21:40', NULL),
(217, 'UA73572151585379267276346049', 'Billy', 'Lockman', 'Brekke', '1995-08-03', 15, NULL, NULL, NULL, NULL, 1, '1993-07-05', '2018-02-11 07:21:40', NULL),
(218, 'UA41136478597311631472420980', 'Weston', 'Stroman', 'Bauch', '2000-05-19', 20, NULL, NULL, NULL, NULL, 0, '1994-11-20', '2018-02-11 07:21:40', NULL),
(219, 'UA47751473306774479431853033', 'Lexus', 'Gorczany', 'Luettgen', '1996-11-09', 4, NULL, NULL, NULL, NULL, 0, '1998-04-18', '2018-02-11 07:21:40', NULL),
(220, 'UA35489921015871587370233402', 'Jacky', 'O\'Conner', 'Braun', '1999-08-05', 4, NULL, NULL, NULL, NULL, 0, '1999-12-25', '2018-02-11 07:21:40', NULL),
(221, 'UA29591413147340042171830969', 'Dorian', 'Bauch', 'Ferry', '1995-09-21', 4, NULL, NULL, NULL, NULL, 0, '1988-10-12', '2018-02-11 07:21:40', NULL),
(222, 'UA44354863833556095197094888', 'Zander', 'Wintheiser', 'Braun', '2006-01-17', 6, NULL, NULL, NULL, NULL, 1, '1995-12-06', '2018-02-11 07:21:40', NULL),
(223, 'UA31140365218094254925385494', 'Melba', 'Grady', 'Kunze', '2001-09-24', 15, NULL, NULL, NULL, NULL, 0, '2004-08-27', '2018-02-11 07:21:40', NULL),
(224, 'UA08746867342825752609554674', 'Aiyana', 'Mertz', 'Lesch', '1997-10-14', 18, NULL, NULL, NULL, NULL, 1, '1996-11-03', '2018-02-11 07:21:40', NULL),
(225, 'UA81721392876244099353564308', 'Elmer', 'Hintz', 'Hoeger', '1993-01-24', 13, NULL, NULL, NULL, NULL, 0, '2014-03-21', '2018-02-11 07:21:40', NULL),
(226, 'UA32939665974651594685122843', 'Rebeca', 'Kuhic', 'Grady', '2015-05-24', 1, NULL, NULL, NULL, NULL, 0, '2017-03-25', '2018-02-11 07:21:40', NULL),
(227, 'UA55731314450194708821598530', 'Ronny', 'Heller', 'Hegmann', '1998-11-08', 12, NULL, NULL, NULL, NULL, 1, '2017-10-14', '2018-02-11 07:21:40', NULL),
(228, 'UA67465514243271871758758955', 'Isaiah', 'Will', 'D\'Amore', '1988-07-09', 3, NULL, NULL, NULL, NULL, 0, '1991-02-10', '2018-02-11 07:21:40', NULL),
(229, 'UA11994501228146639524157073', 'Pamela', 'Tremblay', 'Ferry', '2003-12-30', 6, NULL, NULL, NULL, NULL, 1, '1992-12-09', '2018-02-11 07:21:40', NULL),
(230, 'UA74541591998719208293282756', 'Rex', 'Marks', 'Steuber', '1988-09-21', 9, NULL, NULL, NULL, NULL, 1, '2001-11-21', '2018-02-11 07:21:40', NULL),
(231, 'UA55902692234878759547174668', 'Elody', 'Langosh', 'Schaden', '2007-04-19', 10, NULL, NULL, NULL, NULL, 0, '2005-02-04', '2018-02-11 07:21:40', NULL),
(232, 'UA05172872705350658506719557', 'Demarco', 'Raynor', 'O\'Hara', '2004-07-31', 5, NULL, NULL, NULL, NULL, 0, '2018-02-06', '2018-02-11 07:21:40', NULL),
(233, 'UA80816319204789508221453866', 'Madie', 'Schneider', 'Crona', '1995-07-13', 2, NULL, NULL, NULL, NULL, 0, '2005-12-02', '2018-02-11 07:21:40', NULL),
(234, 'UA60346457504905490039948489', 'Samir', 'West', 'Hagenes', '2000-05-27', 9, NULL, NULL, NULL, NULL, 0, '1998-08-07', '2018-02-11 07:21:40', NULL),
(235, 'UA82209859042498588962613835', 'Christy', 'McKenzie', 'Tromp', '1997-09-04', 12, NULL, NULL, NULL, NULL, 1, '2016-03-19', '2018-02-11 07:21:40', NULL),
(236, 'UA92970932535557359952979523', 'Kaci', 'Gorczany', 'Abbott', '1990-06-26', 10, NULL, NULL, NULL, NULL, 0, '2017-09-06', '2018-02-11 07:21:40', NULL),
(237, 'UA49786053414831792442535196', 'Lucienne', 'Bogisich', 'Anderson', '2009-11-30', 16, NULL, NULL, NULL, NULL, 1, '2010-09-29', '2018-02-11 07:21:40', NULL),
(238, 'UA40461710437281010710036138', 'Amanda', 'Bashirian', 'Konopelski', '2005-05-02', 5, NULL, NULL, NULL, NULL, 0, '1991-06-30', '2018-02-11 07:21:40', NULL),
(239, 'UA07181031392128626459998381', 'Ida', 'Brown', 'Kreiger', '1996-02-27', 12, NULL, NULL, NULL, NULL, 0, '2014-03-20', '2018-02-11 07:21:40', NULL),
(240, 'UA72834029092523580227790094', 'Gladyce', 'Effertz', 'Mertz', '2014-01-26', 15, NULL, NULL, NULL, NULL, 0, '2010-03-08', '2018-02-11 07:21:40', NULL),
(241, 'UA84625673037857158085276631', 'Janis', 'Konopelski', 'O\'Hara', '2003-08-18', 12, NULL, NULL, NULL, NULL, 1, '2014-08-05', '2018-02-11 07:21:40', NULL),
(242, 'UA40386527171523168446516104', 'Allie', 'Johnston', 'Hane', '1995-12-25', 19, NULL, NULL, NULL, NULL, 0, '1999-02-28', '2018-02-11 07:21:40', NULL),
(243, 'UA72729618742684676837776204', 'Aditya', 'Bernhard', 'Adams', '2008-06-25', 7, NULL, NULL, NULL, NULL, 1, '2011-03-18', '2018-02-11 07:21:40', NULL),
(244, 'UA94596184689402467855728504', 'Alfredo', 'Rolfson', 'Bauch', '2014-06-11', 4, NULL, NULL, NULL, NULL, 1, '1999-07-27', '2018-02-11 07:21:40', NULL),
(245, 'UA84073162491787553639149938', 'Mya', 'Mitchell', 'Luettgen', '1997-12-16', 8, NULL, NULL, NULL, NULL, 1, '2003-10-07', '2018-02-11 07:21:40', NULL),
(246, 'UA81511017316184491333320583', 'Raul', 'Rippin', 'Corkery', '1992-09-25', 6, NULL, NULL, NULL, NULL, 0, '2004-11-02', '2018-02-11 07:21:40', NULL),
(247, 'UA37898439143032432215872089', 'Skyla', 'Prosacco', 'Miller', '1994-04-22', 12, NULL, NULL, NULL, NULL, 1, '1988-08-26', '2018-02-11 07:21:40', NULL),
(248, 'UA09443177961987376109644352', 'Freida', 'Feeney', 'Ratke', '1990-03-06', 11, NULL, NULL, NULL, NULL, 0, '2010-08-11', '2018-02-11 07:21:40', NULL),
(249, 'UA89581561432139188404705615', 'Calista', 'Huels', 'Heller', '2003-12-28', 12, NULL, NULL, NULL, NULL, 1, '1995-04-09', '2018-02-11 07:21:40', NULL),
(250, 'UA42015291894768923933891914', 'Greta', 'Hilpert', 'Ebert', '2004-10-18', 4, NULL, NULL, NULL, NULL, 1, '2014-04-25', '2018-02-11 07:21:40', NULL),
(251, 'UA09616449854863986837350983', 'Keara', 'Brakus', 'Walker', '1998-12-28', 1, NULL, NULL, NULL, NULL, 1, '1998-03-07', '2018-02-11 07:21:40', NULL),
(252, 'UA44472793833064866856590278', 'Lilla', 'Cartwright', 'Hettinger', '2015-07-09', 4, NULL, NULL, NULL, NULL, 0, '2004-04-12', '2018-02-11 07:21:40', NULL),
(253, 'UA54708852598860837535806894', 'Emory', 'Sipes', 'Stamm', '1991-09-23', 2, NULL, NULL, NULL, NULL, 1, '2012-02-22', '2018-02-11 07:21:40', NULL),
(254, 'UA90639652547765898033606500', 'Blair', 'Kub', 'Casper', '2016-11-30', 10, NULL, NULL, NULL, NULL, 0, '1999-03-21', '2018-02-11 07:21:40', NULL),
(255, 'UA88929572841819384855385285', 'Katlynn', 'DuBuque', 'Gibson', '2004-02-17', 7, NULL, NULL, NULL, NULL, 1, '2007-10-26', '2018-02-11 07:21:40', NULL),
(256, 'UA90398085899244396670192199', 'Sydni', 'Haley', 'Hartmann', '2010-06-20', 4, NULL, NULL, NULL, NULL, 1, '2010-08-07', '2018-02-11 07:21:40', NULL),
(257, 'UA64223835518495079205906663', 'Onie', 'Wiegand', 'Becker', '2015-08-30', 7, NULL, NULL, NULL, NULL, 1, '1994-01-18', '2018-02-11 07:21:40', NULL),
(258, 'UA62032568076247373500622210', 'Gus', 'Schoen', 'Bernhard', '1997-10-14', 20, NULL, NULL, NULL, NULL, 0, '2005-09-02', '2018-02-11 07:21:40', NULL),
(259, 'UA21390909375584186115117402', 'Lisette', 'Jacobson', 'Connelly', '2014-03-08', 8, NULL, NULL, NULL, NULL, 0, '1989-11-10', '2018-02-11 07:21:40', NULL),
(260, 'UA61342262233598158068544882', 'Albina', 'Wolff', 'Hilpert', '2017-07-17', 10, NULL, NULL, NULL, NULL, 1, '1992-11-01', '2018-02-11 07:21:40', NULL),
(261, 'UA24235994089018001643007041', 'Dawson', 'Ritchie', 'Breitenberg', '1988-07-12', 6, NULL, NULL, NULL, NULL, 1, '2003-12-14', '2018-02-11 07:21:40', NULL),
(262, 'UA37915652432001975676069597', 'Janie', 'Conroy', 'Koelpin', '2018-01-08', 20, NULL, NULL, NULL, NULL, 0, '2003-08-09', '2018-02-11 07:21:40', NULL),
(263, 'UA60731000449076563066607885', 'Maymie', 'Stoltenberg', 'Torphy', '2010-04-06', 8, NULL, NULL, NULL, NULL, 0, '1998-10-12', '2018-02-11 07:21:40', NULL),
(264, 'UA19759003857090347189882794', 'Harrison', 'Marvin', 'Jones', '2004-09-20', 19, NULL, NULL, NULL, NULL, 0, '1996-09-22', '2018-02-11 07:21:40', NULL),
(265, 'UA94356499889282525640734106', 'Antonetta', 'Predovic', 'Barrows', '2013-10-21', 12, NULL, NULL, NULL, NULL, 1, '1995-07-09', '2018-02-11 07:21:40', NULL),
(266, 'UA44507193645915060372690955', 'Lilla', 'Huels', 'Moen', '1996-11-06', 20, NULL, NULL, NULL, NULL, 1, '1998-05-25', '2018-02-11 07:21:40', NULL),
(267, 'UA19742123350396532450857653', 'Reuben', 'Schumm', 'Anderson', '2000-05-12', 19, NULL, NULL, NULL, NULL, 1, '1994-07-04', '2018-02-11 07:21:40', NULL),
(268, 'UA78652816277650331990667980', 'Josianne', 'McKenzie', 'Dietrich', '1999-02-05', 14, NULL, NULL, NULL, NULL, 1, '2000-12-10', '2018-02-11 07:21:40', NULL),
(269, 'UA33817263080542391905099820', 'Lenore', 'Becker', 'Kunde', '1994-10-04', 1, NULL, NULL, NULL, NULL, 1, '2015-10-07', '2018-02-11 07:21:40', NULL),
(270, 'UA21635365026963451538075521', 'Melany', 'Marvin', 'Kirlin', '2006-05-24', 14, NULL, NULL, NULL, NULL, 0, '1996-06-05', '2018-02-11 07:21:40', NULL),
(271, 'UA37747215331327382413965796', 'Alexandra', 'Collier', 'Considine', '2014-02-13', 9, NULL, NULL, NULL, NULL, 1, '1988-07-07', '2018-02-11 07:21:40', NULL),
(272, 'UA26312299882824819942660484', 'Ruth', 'Cremin', 'Marvin', '2006-03-29', 3, NULL, NULL, NULL, NULL, 0, '2002-10-27', '2018-02-11 07:21:40', NULL),
(273, 'UA03564593089612113558758991', 'Perry', 'Macejkovic', 'Mraz', '2001-01-25', 19, NULL, NULL, NULL, NULL, 1, '1994-10-03', '2018-02-11 07:21:40', NULL),
(274, 'UA91795890560724172689770566', 'Dorothea', 'Carroll', 'Graham', '1994-06-16', 13, NULL, NULL, NULL, NULL, 1, '2017-04-25', '2018-02-11 07:21:40', NULL),
(275, 'UA15258074605163747388530266', 'Antonietta', 'Mueller', 'Schumm', '2013-03-19', 19, NULL, NULL, NULL, NULL, 0, '2016-06-08', '2018-02-11 07:21:40', NULL),
(276, 'UA52405826943913021321105657', 'Ahmad', 'Rice', 'Moore', '2011-03-05', 9, NULL, NULL, NULL, NULL, 0, '1994-01-17', '2018-02-11 07:21:40', NULL),
(277, 'UA07441098298080190811722127', 'Lisa', 'Trantow', 'Thompson', '2005-08-25', 17, NULL, NULL, NULL, NULL, 0, '2012-07-23', '2018-02-11 07:21:40', NULL),
(278, 'UA12697058912837394322828898', 'Nicklaus', 'Russel', 'Gusikowski', '1988-11-18', 20, NULL, NULL, NULL, NULL, 1, '2002-09-07', '2018-02-11 07:21:40', NULL),
(279, 'UA47776191006755379889290543', 'Dayna', 'Turner', 'Smitham', '2016-05-16', 1, NULL, NULL, NULL, NULL, 1, '1999-08-05', '2018-02-11 07:21:40', NULL),
(280, 'UA26078557320634210556056065', 'William', 'Little', 'Murphy', '2003-01-31', 5, NULL, NULL, NULL, NULL, 1, '1988-10-06', '2018-02-11 07:21:40', NULL),
(281, 'UA55298933148516979624127758', 'Albina', 'Satterfield', 'Bergnaum', '2014-08-18', 19, NULL, NULL, NULL, NULL, 1, '1990-10-18', '2018-02-11 07:21:40', NULL),
(282, 'UA14812631948184276646014340', 'Ardith', 'Jakubowski', 'Morar', '1991-10-11', 13, NULL, NULL, NULL, NULL, 1, '2008-01-05', '2018-02-11 07:21:40', NULL),
(283, 'UA43949944323178847135253497', 'Shayne', 'Farrell', 'Stracke', '2008-02-15', 19, NULL, NULL, NULL, NULL, 0, '2009-03-08', '2018-02-11 07:21:40', NULL),
(284, 'UA44715809608867048764935147', 'Willie', 'O\'Reilly', 'Rippin', '1992-01-07', 4, NULL, NULL, NULL, NULL, 0, '2004-09-21', '2018-02-11 07:21:40', NULL),
(285, 'UA37146092033925545432269280', 'Winston', 'Murphy', 'Hilll', '2014-10-13', 3, NULL, NULL, NULL, NULL, 0, '2002-04-05', '2018-02-11 07:21:40', NULL),
(286, 'UA31907535117351644553691236', 'Ruth', 'Pfeffer', 'Blick', '2010-09-24', 14, NULL, NULL, NULL, NULL, 1, '2001-02-13', '2018-02-11 07:21:40', NULL),
(287, 'UA78258245452073978000345172', 'Ashley', 'Towne', 'Spencer', '2012-05-26', 20, NULL, NULL, NULL, NULL, 0, '2006-05-27', '2018-02-11 07:21:40', NULL),
(288, 'UA52798182413977219457287521', 'Brendan', 'Robel', 'Rutherford', '1988-03-17', 9, NULL, NULL, NULL, NULL, 1, '2017-09-28', '2018-02-11 07:21:40', NULL),
(289, 'UA22637831559734197809072472', 'Jordane', 'Heller', 'Collins', '2007-10-11', 19, NULL, NULL, NULL, NULL, 1, '2014-08-14', '2018-02-11 07:21:40', NULL),
(290, 'UA22538008701396407097025728', 'Marcelino', 'Breitenberg', 'Stokes', '2001-09-02', 5, NULL, NULL, NULL, NULL, 0, '1989-06-19', '2018-02-11 07:21:40', NULL),
(291, 'UA06820157556924273117128596', 'Joannie', 'Erdman', 'White', '2004-02-02', 2, NULL, NULL, NULL, NULL, 0, '2015-01-07', '2018-02-11 07:21:40', NULL),
(292, 'UA86813231805058438278537661', 'Phyllis', 'Stroman', 'Pouros', '2000-09-16', 6, NULL, NULL, NULL, NULL, 0, '2014-01-27', '2018-02-11 07:21:40', NULL),
(293, 'UA44778244697764405011336904', 'Karianne', 'Kshlerin', 'Mohr', '1997-05-17', 6, NULL, NULL, NULL, NULL, 1, '1994-02-17', '2018-02-11 07:21:40', NULL),
(294, 'UA31234151893420782176905332', 'Jared', 'Hintz', 'Larkin', '2007-01-22', 2, NULL, NULL, NULL, NULL, 1, '2005-04-09', '2018-02-11 07:21:40', NULL),
(295, 'UA10015422107605394090289150', 'Roxane', 'Stroman', 'Bartoletti', '1991-04-01', 5, NULL, NULL, NULL, NULL, 1, '2002-03-06', '2018-02-11 07:21:40', NULL),
(296, 'UA15135525257112293433621272', 'Lesly', 'Emmerich', 'Carter', '2008-06-05', 4, NULL, NULL, NULL, NULL, 1, '2012-10-30', '2018-02-11 07:21:40', NULL),
(297, 'UA12685218804980184897982881', 'Florencio', 'Gerlach', 'Farrell', '2005-08-19', 12, NULL, NULL, NULL, NULL, 1, '2009-03-31', '2018-02-11 07:21:40', NULL),
(298, 'UA65679004124903777211380309', 'Jalon', 'Wilderman', 'Leannon', '2017-06-28', 17, NULL, NULL, NULL, NULL, 1, '2010-09-05', '2018-02-11 07:21:40', NULL),
(299, 'UA35164524983705696125980944', 'Zola', 'Hirthe', 'Hyatt', '2002-10-26', 3, NULL, NULL, NULL, NULL, 0, '2008-04-06', '2018-02-11 07:21:40', NULL),
(300, 'UA69634004127008506350491584', 'Clifford', 'Keebler', 'Lynch', '1997-07-14', 1, NULL, NULL, NULL, NULL, 0, '1996-01-25', '2018-02-11 07:21:40', NULL),
(301, 'UA27996149620469413551811076', 'Patsy', 'Murazik', 'Larson', '2018-02-05', 18, NULL, NULL, NULL, NULL, 0, '2009-07-08', '2018-02-11 07:21:40', NULL),
(302, 'UA50289655604447171255501856', 'Cara', 'Stark', 'Beer', '2014-06-12', 16, NULL, NULL, NULL, NULL, 0, '1992-10-19', '2018-02-11 07:21:40', NULL),
(303, 'UA81251742002385218046469782', 'Zaria', 'Waters', 'Berge', '2013-01-29', 17, NULL, NULL, NULL, NULL, 1, '2002-08-10', '2018-02-11 07:21:40', NULL),
(304, 'UA63576876634704368934287920', 'Maiya', 'Hilll', 'Walker', '2001-11-28', 17, NULL, NULL, NULL, NULL, 1, '1988-07-06', '2018-02-11 07:21:40', NULL),
(305, 'UA07899653472081398761003720', 'Kaylin', 'Collins', 'Altenwerth', '2016-04-25', 8, NULL, NULL, NULL, NULL, 1, '2007-07-16', '2018-02-11 07:21:40', NULL),
(306, 'UA75138036130690297357793611', 'Nestor', 'Terry', 'Adams', '2010-02-19', 6, NULL, NULL, NULL, NULL, 1, '2016-12-23', '2018-02-11 07:21:40', NULL),
(307, 'UA74542744606135683269325355', 'Zena', 'Schmeler', 'Von', '2007-03-23', 19, NULL, NULL, NULL, NULL, 1, '1990-08-14', '2018-02-11 07:21:40', NULL),
(308, 'UA53163934134490515876524762', 'Ansley', 'Pfeffer', 'Considine', '1996-05-16', 7, NULL, NULL, NULL, NULL, 1, '2015-09-15', '2018-02-11 07:21:40', NULL),
(309, 'UA61420301051297203843861907', 'Houston', 'Champlin', 'Schuster', '2012-09-09', 10, NULL, NULL, NULL, NULL, 0, '2015-08-31', '2018-02-11 07:21:40', NULL),
(310, 'UA32982154285087615743963455', 'Bette', 'Jerde', 'Kuhic', '2008-07-13', 8, NULL, NULL, NULL, NULL, 0, '1991-06-01', '2018-02-11 07:21:40', NULL),
(311, 'UA09363199477256112153900772', 'Stevie', 'Ortiz', 'Davis', '1999-07-26', 10, NULL, NULL, NULL, NULL, 0, '2013-05-01', '2018-02-11 07:21:40', NULL),
(312, 'UA26157838452469765466233184', 'Clementina', 'Rogahn', 'Lubowitz', '1995-12-01', 5, NULL, NULL, NULL, NULL, 0, '1996-07-22', '2018-02-11 07:21:40', NULL),
(313, 'UA69744736432719028355768975', 'Francisco', 'Zemlak', 'Lockman', '1989-09-01', 3, NULL, NULL, NULL, NULL, 0, '2004-05-05', '2018-02-11 07:21:40', NULL),
(314, 'UA65815852835026685760920316', 'Raheem', 'Kuphal', 'Cassin', '2014-06-28', 4, NULL, NULL, NULL, NULL, 1, '2001-05-04', '2018-02-11 07:21:40', NULL),
(315, 'UA96561491250816742180026428', 'Marlin', 'Crooks', 'Pfeffer', '1996-09-12', 7, NULL, NULL, NULL, NULL, 0, '2009-05-18', '2018-02-11 07:21:40', NULL),
(316, 'UA74689214884385879232543485', 'Enrique', 'Brekke', 'Huel', '2009-06-20', 14, NULL, NULL, NULL, NULL, 1, '1998-09-29', '2018-02-11 07:21:40', NULL),
(317, 'UA28987495567015837558358389', 'Fay', 'Hartmann', 'Morar', '2015-04-05', 10, NULL, NULL, NULL, NULL, 1, '2011-05-02', '2018-02-11 07:21:40', NULL),
(318, 'UA69223389745009461902272825', 'Cortez', 'Feeney', 'Reichel', '2009-04-06', 1, NULL, NULL, NULL, NULL, 1, '1994-05-17', '2018-02-11 07:21:40', NULL),
(319, 'UA26110320170700854782761988', 'Wilford', 'Parisian', 'Spinka', '2014-02-09', 11, NULL, NULL, NULL, NULL, 1, '2014-04-19', '2018-02-11 07:21:40', NULL),
(320, 'UA54136351278471876129386179', 'Harold', 'Bergnaum', 'Braun', '1989-02-17', 19, NULL, NULL, NULL, NULL, 0, '1990-08-17', '2018-02-11 07:21:40', NULL);
INSERT INTO `order` (`id`, `cod`, `client_name`, `client_surname`, `client_patronymic`, `born`, `doctor_id`, `doctor_name`, `profession_id`, `period_id`, `time_value`, `statusorder_id`, `date`, `date_created`, `hash`) VALUES
(321, 'UA44475837282582073740942282', 'Vicenta', 'McLaughlin', 'Doyle', '2014-01-02', 4, NULL, NULL, NULL, NULL, 1, '2006-07-30', '2018-02-11 07:21:40', NULL),
(322, 'UA57874900365723043403285023', 'Abbigail', 'Schroeder', 'Roberts', '2011-10-23', 5, NULL, NULL, NULL, NULL, 1, '2006-08-09', '2018-02-11 07:21:40', NULL),
(323, 'UA30593871827433412916037613', 'Lia', 'Leannon', 'Frami', '2014-06-24', 2, NULL, NULL, NULL, NULL, 1, '2016-07-23', '2018-02-11 07:21:40', NULL),
(324, 'UA26829518489933713350155047', 'Isabel', 'Dicki', 'Wisoky', '1999-08-17', 14, NULL, NULL, NULL, NULL, 0, '2017-01-15', '2018-02-11 07:21:40', NULL),
(325, 'UA35026862858136887289336779', 'Brandon', 'Huel', 'Raynor', '1990-02-12', 5, NULL, NULL, NULL, NULL, 0, '2011-05-16', '2018-02-11 07:21:40', NULL),
(326, 'UA31272985371132752262561079', 'Alta', 'Prosacco', 'Kuvalis', '2009-07-17', 12, NULL, NULL, NULL, NULL, 1, '2007-05-13', '2018-02-11 07:21:40', NULL),
(327, 'UA51860116938056068111404655', 'Fiona', 'Rutherford', 'Schneider', '2017-12-06', 6, NULL, NULL, NULL, NULL, 1, '2014-10-30', '2018-02-11 07:21:40', NULL),
(328, 'UA96638169817429049947480952', 'Kolby', 'Harvey', 'Volkman', '2005-08-19', 20, NULL, NULL, NULL, NULL, 0, '2014-08-07', '2018-02-11 07:21:40', NULL),
(329, 'UA16475739170440079391262051', 'Evans', 'O\'Reilly', 'McGlynn', '2005-05-23', 2, NULL, NULL, NULL, NULL, 1, '2002-03-17', '2018-02-11 07:21:40', NULL),
(330, 'UA72622417100496978963295423', 'Ned', 'Hyatt', 'Leannon', '2009-03-11', 20, NULL, NULL, NULL, NULL, 0, '2005-09-16', '2018-02-11 07:21:40', NULL),
(331, 'UA25459003246387104702766138', 'Maxie', 'Aufderhar', 'Ward', '2009-11-12', 12, NULL, NULL, NULL, NULL, 0, '1989-12-01', '2018-02-11 07:21:40', NULL),
(332, 'UA74679353732458426234817785', 'Frederique', 'Connelly', 'Halvorson', '1988-12-05', 6, NULL, NULL, NULL, NULL, 1, '2005-04-25', '2018-02-11 07:21:40', NULL),
(333, 'UA85878582287211774030840462', 'Fern', 'Wehner', 'Keebler', '1999-04-06', 19, NULL, NULL, NULL, NULL, 1, '1996-09-26', '2018-02-11 07:21:40', NULL),
(334, 'UA06486339504534902490668156', 'Brigitte', 'Reilly', 'Schultz', '2012-02-13', 2, NULL, NULL, NULL, NULL, 1, '2005-12-06', '2018-02-11 07:21:40', NULL),
(335, 'UA08383829685798049319683650', 'Kassandra', 'Morar', 'Sawayn', '2012-03-09', 11, NULL, NULL, NULL, NULL, 1, '2008-09-17', '2018-02-11 07:21:40', NULL),
(336, 'UA52882839219785170883445494', 'Sonia', 'Purdy', 'Kozey', '1998-06-22', 1, NULL, NULL, NULL, NULL, 1, '2007-03-31', '2018-02-11 07:21:40', NULL),
(337, 'UA58516794257805665684575431', 'Marcellus', 'Nikolaus', 'Willms', '1994-11-23', 11, NULL, NULL, NULL, NULL, 0, '1997-03-05', '2018-02-11 07:21:40', NULL),
(338, 'UA20454373925302765205020745', 'Kale', 'Adams', 'VonRueden', '2012-01-16', 12, NULL, NULL, NULL, NULL, 1, '2008-02-05', '2018-02-11 07:21:40', NULL),
(339, 'UA69309063620208823344430716', 'Regan', 'Bergstrom', 'Doyle', '2002-04-03', 16, NULL, NULL, NULL, NULL, 0, '1989-08-20', '2018-02-11 07:21:40', NULL),
(340, 'UA56009137791783630155404020', 'Shawna', 'Jerde', 'Schaden', '2006-01-13', 19, NULL, NULL, NULL, NULL, 0, '2002-07-02', '2018-02-11 07:21:40', NULL),
(341, 'UA88756529820398452634011820', 'Juston', 'Schowalter', 'Schneider', '2015-03-10', 9, NULL, NULL, NULL, NULL, 0, '1993-07-06', '2018-02-11 07:21:40', NULL),
(342, 'UA40342732542483137710133432', 'Brennan', 'Deckow', 'McKenzie', '1995-09-07', 6, NULL, NULL, NULL, NULL, 1, '1993-06-17', '2018-02-11 07:21:40', NULL),
(343, 'UA23671063635626940361890306', 'Ansel', 'Fadel', 'Weissnat', '2007-08-24', 7, NULL, NULL, NULL, NULL, 0, '1992-04-11', '2018-02-11 07:21:40', NULL),
(344, 'UA74915190450456185057892773', 'Fausto', 'Daniel', 'Orn', '2006-02-24', 7, NULL, NULL, NULL, NULL, 0, '2002-08-20', '2018-02-11 07:21:40', NULL),
(345, 'UA54790186346601681071663354', 'Malcolm', 'Haag', 'Conroy', '2007-05-21', 14, NULL, NULL, NULL, NULL, 0, '1995-09-12', '2018-02-11 07:21:40', NULL),
(346, 'UA67528641626641913650904289', 'Jarret', 'Smitham', 'Spencer', '2008-07-13', 19, NULL, NULL, NULL, NULL, 1, '2006-05-05', '2018-02-11 07:21:40', NULL),
(347, 'UA56146850172029971300077587', 'Berniece', 'Ziemann', 'Upton', '1991-06-21', 13, NULL, NULL, NULL, NULL, 0, '2002-09-09', '2018-02-11 07:21:40', NULL),
(348, 'UA45905505747078962926436237', 'Devonte', 'Kiehn', 'Hermiston', '2007-07-21', 4, NULL, NULL, NULL, NULL, 1, '1995-03-11', '2018-02-11 07:21:40', NULL),
(349, 'UA20084190784613375577791187', 'Floyd', 'O\'Connell', 'Daniel', '1988-03-07', 13, NULL, NULL, NULL, NULL, 1, '1997-01-07', '2018-02-11 07:21:40', NULL),
(350, 'UA96877046247923181437231243', 'Pansy', 'Upton', 'Thiel', '1989-12-14', 13, NULL, NULL, NULL, NULL, 1, '2007-06-21', '2018-02-11 07:21:40', NULL),
(351, 'UA45934383205862849102603463', 'Cordell', 'Wuckert', 'Mohr', '1994-09-12', 15, NULL, NULL, NULL, NULL, 1, '1993-12-17', '2018-02-11 07:21:40', NULL),
(352, 'UA39549404156492791524994236', 'Annamae', 'Bartoletti', 'Jenkins', '1989-07-06', 9, NULL, NULL, NULL, NULL, 1, '1995-03-23', '2018-02-11 07:21:40', NULL),
(353, 'UA57904381701848520041148804', 'Gail', 'Kessler', 'Dietrich', '1999-08-07', 13, NULL, NULL, NULL, NULL, 0, '1991-01-29', '2018-02-11 07:21:40', NULL),
(354, 'UA58549894864794378760885871', 'Serenity', 'Doyle', 'Bogan', '2001-06-14', 10, NULL, NULL, NULL, NULL, 1, '2001-11-11', '2018-02-11 07:21:40', NULL),
(355, 'UA60931592606222309908602088', 'Otho', 'Hirthe', 'Larson', '2010-05-22', 4, NULL, NULL, NULL, NULL, 1, '1990-12-11', '2018-02-11 07:21:40', NULL),
(356, 'UA61760402019910717482489500', 'Vicky', 'Conn', 'Kuhn', '2014-03-03', 1, NULL, NULL, NULL, NULL, 1, '2017-03-25', '2018-02-11 07:21:40', NULL),
(357, 'UA21720283217571880984361718', 'Lonny', 'Stehr', 'Gibson', '1997-12-24', 7, NULL, NULL, NULL, NULL, 1, '2008-02-06', '2018-02-11 07:21:40', NULL),
(358, 'UA98445066212686853048673228', 'Devan', 'Koss', 'VonRueden', '2009-04-07', 2, NULL, NULL, NULL, NULL, 0, '1991-05-14', '2018-02-11 07:21:40', NULL),
(359, 'UA54551611945730991333575835', 'Chaya', 'Beier', 'Hane', '2000-04-06', 10, NULL, NULL, NULL, NULL, 0, '1995-02-05', '2018-02-11 07:21:40', NULL),
(360, 'UA96607949362776791536827937', 'Caroline', 'Pagac', 'McLaughlin', '2005-04-11', 9, NULL, NULL, NULL, NULL, 1, '2005-09-14', '2018-02-11 07:21:40', NULL),
(361, 'UA63915547772972604736618967', 'Brandi', 'Mitchell', 'Kohler', '1997-09-04', 10, NULL, NULL, NULL, NULL, 0, '2015-06-18', '2018-02-11 07:21:40', NULL),
(362, 'UA43054026181307298476044244', 'Dena', 'Christiansen', 'Hilll', '2016-11-25', 14, NULL, NULL, NULL, NULL, 1, '1989-09-11', '2018-02-11 07:21:40', NULL),
(363, 'UA12444463972599237929862784', 'Hettie', 'Hermann', 'Reichel', '2001-05-14', 6, NULL, NULL, NULL, NULL, 1, '2016-12-01', '2018-02-11 07:21:40', NULL),
(364, 'UA81148799237813289508901018', 'Abdiel', 'Johns', 'Wiegand', '2015-10-02', 20, NULL, NULL, NULL, NULL, 1, '2017-05-04', '2018-02-11 07:21:40', NULL),
(365, 'UA38929766459159074130017962', 'Christina', 'Emard', 'Bailey', '2006-07-16', 20, NULL, NULL, NULL, NULL, 0, '2003-10-21', '2018-02-11 07:21:40', NULL),
(366, 'UA46741508007138029402453459', 'Amy', 'Jacobson', 'Prosacco', '1991-03-31', 1, NULL, NULL, NULL, NULL, 1, '2017-03-06', '2018-02-11 07:21:40', NULL),
(367, 'UA23106894493519295360736948', 'Lonie', 'Wuckert', 'Murray', '1991-12-20', 2, NULL, NULL, NULL, NULL, 1, '2006-12-26', '2018-02-11 07:21:40', NULL),
(368, 'UA63995282026837206694630117', 'Bennie', 'Gaylord', 'Baumbach', '2016-03-05', 18, NULL, NULL, NULL, NULL, 1, '1996-06-18', '2018-02-11 07:21:40', NULL),
(369, 'UA48003088661083398043595132', 'Jackeline', 'Weimann', 'Jenkins', '1993-04-02', 17, NULL, NULL, NULL, NULL, 0, '2000-03-12', '2018-02-11 07:21:40', NULL),
(370, 'UA11428845331903865757822580', 'Maximilian', 'Padberg', 'D\'Amore', '1992-07-16', 1, NULL, NULL, NULL, NULL, 1, '1991-03-22', '2018-02-11 07:21:40', NULL),
(371, 'UA05952007828592077894018965', 'Marlee', 'Sipes', 'Ziemann', '1997-02-21', 5, NULL, NULL, NULL, NULL, 0, '2001-11-04', '2018-02-11 07:21:40', NULL),
(372, 'UA04364355112676564695507612', 'Ollie', 'Cole', 'Maggio', '1998-06-19', 7, NULL, NULL, NULL, NULL, 0, '2009-10-30', '2018-02-11 07:21:40', NULL),
(373, 'UA37490428651934176153964528', 'Justice', 'Medhurst', 'Prohaska', '1991-07-17', 15, NULL, NULL, NULL, NULL, 1, '1988-06-08', '2018-02-11 07:21:40', NULL),
(374, 'UA97598697399174124619651164', 'Greg', 'Erdman', 'Collier', '2000-07-26', 1, NULL, NULL, NULL, NULL, 0, '2017-11-14', '2018-02-11 07:21:40', NULL),
(375, 'UA18129918071449251156338072', 'Anna', 'Denesik', 'Douglas', '2017-03-27', 17, NULL, NULL, NULL, NULL, 0, '2013-08-20', '2018-02-11 07:21:40', NULL),
(376, 'UA78980513296649031675113634', 'Jolie', 'Wintheiser', 'Dicki', '1998-02-14', 11, NULL, NULL, NULL, NULL, 1, '2002-05-20', '2018-02-11 07:21:40', NULL),
(377, 'UA90829360696396803163899558', 'Yadira', 'Zboncak', 'Goodwin', '1996-12-29', 19, NULL, NULL, NULL, NULL, 0, '2009-01-17', '2018-02-11 07:21:40', NULL),
(378, 'UA32260546517273701034652244', 'Kieran', 'Blick', 'Graham', '1992-03-11', 12, NULL, NULL, NULL, NULL, 0, '1998-02-15', '2018-02-11 07:21:40', NULL),
(379, 'UA85588736509449045826980478', 'Anabelle', 'Erdman', 'Boyer', '1992-01-28', 4, NULL, NULL, NULL, NULL, 0, '2014-08-19', '2018-02-11 07:21:40', NULL),
(380, 'UA89136729174338192212424992', 'Noelia', 'Thiel', 'Witting', '2005-07-11', 17, NULL, NULL, NULL, NULL, 1, '2014-02-15', '2018-02-11 07:21:40', NULL),
(381, 'UA72849009673652370510236638', 'Ellie', 'Willms', 'Corkery', '2007-01-20', 11, NULL, NULL, NULL, NULL, 0, '2008-02-17', '2018-02-11 07:21:40', NULL),
(382, 'UA69161440549890981951798827', 'Willie', 'Mann', 'Wolf', '1989-12-25', 4, NULL, NULL, NULL, NULL, 1, '1993-11-06', '2018-02-11 07:21:40', NULL),
(383, 'UA31814389703118688689884637', 'Morgan', 'Hahn', 'Howe', '1997-08-11', 2, NULL, NULL, NULL, NULL, 0, '2011-11-26', '2018-02-11 07:21:40', NULL),
(384, 'UA32250228775970422699101842', 'Furman', 'Schumm', 'Tremblay', '1992-08-13', 7, NULL, NULL, NULL, NULL, 0, '2016-08-19', '2018-02-11 07:21:40', NULL),
(385, 'UA85496266568056268828685219', 'Lillie', 'Kreiger', 'Hamill', '2008-12-25', 1, NULL, NULL, NULL, NULL, 0, '1992-02-28', '2018-02-11 07:21:40', NULL),
(386, 'UA98460204547816772534734841', 'Rozella', 'Kris', 'Paucek', '2017-07-28', 6, NULL, NULL, NULL, NULL, 1, '2004-11-26', '2018-02-11 07:21:40', NULL),
(387, 'UA56365134687012260619565019', 'Talia', 'Stokes', 'Schmeler', '2009-02-04', 20, NULL, NULL, NULL, NULL, 1, '2014-09-27', '2018-02-11 07:21:40', NULL),
(388, 'UA41529408769283793917217822', 'Pansy', 'Gerlach', 'Dickinson', '2010-08-27', 5, NULL, NULL, NULL, NULL, 0, '2011-02-25', '2018-02-11 07:21:40', NULL),
(389, 'UA93998072994210075032078560', 'Emmitt', 'Huel', 'Feest', '1989-04-28', 13, NULL, NULL, NULL, NULL, 1, '2016-04-15', '2018-02-11 07:21:40', NULL),
(390, 'UA56923002350946790280154924', 'Mya', 'Conn', 'Lowe', '2014-02-22', 12, NULL, NULL, NULL, NULL, 1, '1990-04-01', '2018-02-11 07:21:40', NULL),
(391, 'UA46278891147596073885097578', 'Jabari', 'Huel', 'Bechtelar', '2015-05-15', 14, NULL, NULL, NULL, NULL, 0, '1989-05-29', '2018-02-11 07:21:40', NULL),
(392, 'UA21369490600701157487242281', 'Nayeli', 'Wisozk', 'Cartwright', '2011-12-17', 6, NULL, NULL, NULL, NULL, 1, '2015-03-31', '2018-02-11 07:21:40', NULL),
(393, 'UA10068374627588215614496981', 'Gennaro', 'Weber', 'Stark', '2015-08-04', 7, NULL, NULL, NULL, NULL, 0, '2004-09-12', '2018-02-11 07:21:40', NULL),
(394, 'UA20925702776025322392322573', 'Monica', 'Cartwright', 'Cole', '1998-10-19', 14, NULL, NULL, NULL, NULL, 0, '1992-11-03', '2018-02-11 07:21:40', NULL),
(395, 'UA46928134075086154914531715', 'Ardith', 'Kilback', 'Yost', '1990-11-05', 3, NULL, NULL, NULL, NULL, 0, '2003-12-07', '2018-02-11 07:21:40', NULL),
(396, 'UA29479690126759921025240436', 'Alphonso', 'Lakin', 'Pagac', '2010-04-30', 2, NULL, NULL, NULL, NULL, 1, '1993-09-06', '2018-02-11 07:21:40', NULL),
(397, 'UA65806758486138305151398443', 'Jasmin', 'Murray', 'Macejkovic', '2000-08-17', 6, NULL, NULL, NULL, NULL, 0, '1997-05-16', '2018-02-11 07:21:40', NULL),
(398, 'UA64366436150282880096567454', 'Shanelle', 'Gleichner', 'Kertzmann', '1999-10-20', 18, NULL, NULL, NULL, NULL, 1, '2015-01-28', '2018-02-11 07:21:40', NULL),
(399, 'UA19832743930247553598741446', 'Rusty', 'Herzog', 'Kerluke', '2003-04-03', 14, NULL, NULL, NULL, NULL, 0, '2013-01-16', '2018-02-11 07:21:40', NULL),
(400, 'UA34300411154296079380269261', 'Winona', 'Sauer', 'Wisozk', '1989-03-04', 16, NULL, NULL, NULL, NULL, 1, '1990-06-18', '2018-02-11 07:21:40', NULL),
(401, 'UA48564940847692554677740821', 'Aurelio', 'Grant', 'Feeney', '2002-08-17', 8, NULL, NULL, NULL, NULL, 0, '2009-09-05', '2018-02-11 07:21:40', NULL),
(402, 'UA94801546839010808597496367', 'Yoshiko', 'Luettgen', 'Gutkowski', '2002-05-13', 2, NULL, NULL, NULL, NULL, 0, '2007-12-10', '2018-02-11 07:21:40', NULL),
(403, 'UA20632264594385479583828583', 'Blaze', 'O\'Keefe', 'Watsica', '1988-09-22', 11, NULL, NULL, NULL, NULL, 0, '1998-06-15', '2018-02-11 07:21:40', NULL),
(404, 'UA25113584218221647199298993', 'Adriana', 'Ernser', 'Altenwerth', '2012-01-07', 3, NULL, NULL, NULL, NULL, 0, '2006-03-16', '2018-02-11 07:21:40', NULL),
(405, 'UA33892114792044362675615070', 'Reina', 'Leffler', 'Jones', '2008-07-13', 4, NULL, NULL, NULL, NULL, 1, '2015-05-16', '2018-02-11 07:21:40', NULL),
(406, 'UA72678625228838618171900963', 'Jefferey', 'Pollich', 'Monahan', '2001-09-09', 20, NULL, NULL, NULL, NULL, 1, '2016-01-29', '2018-02-11 07:21:40', NULL),
(407, 'UA58387998401934761870798427', 'Krystel', 'Anderson', 'Gerlach', '1988-11-29', 1, NULL, NULL, NULL, NULL, 1, '2011-08-08', '2018-02-11 07:21:40', NULL),
(408, 'UA67415102584312765164510875', 'Aubrey', 'Macejkovic', 'Koepp', '2007-01-30', 10, NULL, NULL, NULL, NULL, 1, '1992-11-09', '2018-02-11 07:21:40', NULL),
(409, 'UA87271526302280861851519451', 'Sterling', 'Boyer', 'Hessel', '2015-10-09', 9, NULL, NULL, NULL, NULL, 1, '1994-12-30', '2018-02-11 07:21:40', NULL),
(410, 'UA59440657751863453939069453', 'Tommie', 'Hessel', 'Lakin', '1991-09-06', 3, NULL, NULL, NULL, NULL, 0, '1996-11-30', '2018-02-11 07:21:40', NULL),
(411, 'UA29156108327179721281695889', 'Elyssa', 'Hegmann', 'Haley', '1996-11-23', 3, NULL, NULL, NULL, NULL, 0, '1996-05-05', '2018-02-11 07:21:40', NULL),
(412, 'UA48191019933416456464171835', 'Julie', 'Emmerich', 'Pollich', '1995-12-08', 7, NULL, NULL, NULL, NULL, 0, '2013-03-02', '2018-02-11 07:21:40', NULL),
(413, 'UA69552015805825123860699614', 'Earline', 'Witting', 'Shields', '1989-04-12', 3, NULL, NULL, NULL, NULL, 1, '2003-02-16', '2018-02-11 07:21:40', NULL),
(414, 'UA44997674045085905769443366', 'Cynthia', 'Klocko', 'Gottlieb', '1991-02-02', 9, NULL, NULL, NULL, NULL, 1, '2000-03-30', '2018-02-11 07:21:40', NULL),
(415, 'UA86897884262684480016348426', 'Abbie', 'Kulas', 'Bayer', '2013-02-06', 3, NULL, NULL, NULL, NULL, 0, '1993-06-20', '2018-02-11 07:21:40', NULL),
(416, 'UA34307166218833561038278366', 'Eino', 'Dare', 'Bruen', '2016-09-08', 20, NULL, NULL, NULL, NULL, 1, '1989-02-04', '2018-02-11 07:21:40', NULL),
(417, 'UA78720792574683730706933825', 'Judd', 'Pagac', 'Baumbach', '2002-10-30', 17, NULL, NULL, NULL, NULL, 0, '2001-09-14', '2018-02-11 07:21:40', NULL),
(418, 'UA49225793691542331397132701', 'Lisa', 'Erdman', 'Heidenreich', '1989-03-06', 20, NULL, NULL, NULL, NULL, 1, '1988-10-26', '2018-02-11 07:21:40', NULL),
(419, 'UA35220772460487963623605535', 'Arlie', 'Gusikowski', 'Gleichner', '2001-04-19', 14, NULL, NULL, NULL, NULL, 0, '1988-05-07', '2018-02-11 07:21:40', NULL),
(420, 'UA56709340354429174617021175', 'Nathen', 'Schneider', 'Baumbach', '1996-11-24', 3, NULL, NULL, NULL, NULL, 1, '1999-01-30', '2018-02-11 07:21:40', NULL),
(421, 'UA81522453611284574220843135', 'Branson', 'Doyle', 'Johns', '1992-04-04', 5, NULL, NULL, NULL, NULL, 0, '2009-04-25', '2018-02-11 07:21:40', NULL),
(422, 'UA21931221543113232585206905', 'Jaleel', 'Schulist', 'Lynch', '1993-10-11', 12, NULL, NULL, NULL, NULL, 0, '2011-05-14', '2018-02-11 07:21:40', NULL),
(423, 'UA22118958933122507315959940', 'Marisol', 'Ward', 'Barton', '2012-07-27', 10, NULL, NULL, NULL, NULL, 1, '2010-10-21', '2018-02-11 07:21:40', NULL),
(424, 'UA50421600616960847327476352', 'Roosevelt', 'Champlin', 'Little', '2016-11-13', 4, NULL, NULL, NULL, NULL, 0, '1999-07-17', '2018-02-11 07:21:40', NULL),
(425, 'UA25515353632427719946878294', 'Rossie', 'Keebler', 'Gutmann', '2014-04-20', 4, NULL, NULL, NULL, NULL, 0, '2014-09-02', '2018-02-11 07:21:40', NULL),
(426, 'UA31366926056771876074020142', 'Domingo', 'Ankunding', 'Pollich', '2012-02-21', 12, NULL, NULL, NULL, NULL, 1, '2003-03-19', '2018-02-11 07:21:40', NULL),
(427, 'UA35040258326673253067974830', 'Rosalyn', 'Hansen', 'Hickle', '2006-05-09', 10, NULL, NULL, NULL, NULL, 1, '2013-05-25', '2018-02-11 07:21:40', NULL),
(428, 'UA09025228336707875510694184', 'Ardith', 'Keeling', 'Mohr', '2001-11-28', 9, NULL, NULL, NULL, NULL, 1, '1995-07-21', '2018-02-11 07:21:40', NULL),
(429, 'UA73709945844838728019489284', 'Trenton', 'Rice', 'Abernathy', '2000-11-27', 7, NULL, NULL, NULL, NULL, 0, '2006-06-04', '2018-02-11 07:21:40', NULL),
(430, 'UA48396195343615743697812754', 'Name', 'Rowe', 'Doyle', '1997-05-18', 12, NULL, NULL, NULL, NULL, 0, '2010-04-24', '2018-02-11 07:21:40', NULL),
(431, 'UA97669853761636984902175596', 'Lisandro', 'Collier', 'Padberg', '2016-11-15', 19, NULL, NULL, NULL, NULL, 1, '2016-05-24', '2018-02-11 07:21:40', NULL),
(432, 'UA71981997852972690887066226', 'Johanna', 'Dibbert', 'Larson', '1997-07-26', 12, NULL, NULL, NULL, NULL, 0, '1993-02-03', '2018-02-11 07:21:40', NULL),
(433, 'UA57540569704399464443142176', 'Guillermo', 'Greenholt', 'Goldner', '1992-01-09', 16, NULL, NULL, NULL, NULL, 0, '2016-02-13', '2018-02-11 07:21:40', NULL),
(434, 'UA32449947530281881416883892', 'Alysa', 'Weimann', 'Christiansen', '1999-10-09', 4, NULL, NULL, NULL, NULL, 1, '1990-04-14', '2018-02-11 07:21:40', NULL),
(435, 'UA51062635831767255904345217', 'Ethan', 'Shanahan', 'Ryan', '2005-08-24', 8, NULL, NULL, NULL, NULL, 0, '2016-12-14', '2018-02-11 07:21:40', NULL),
(436, 'UA92741180438771337712943496', 'Mazie', 'Roob', 'Conroy', '2005-03-10', 7, NULL, NULL, NULL, NULL, 1, '2013-03-25', '2018-02-11 07:21:40', NULL),
(437, 'UA83564432542524601858617713', 'Ubaldo', 'Christiansen', 'Lang', '1990-07-18', 13, NULL, NULL, NULL, NULL, 1, '1989-06-22', '2018-02-11 07:21:40', NULL),
(438, 'UA11411743231674789239664740', 'Edna', 'Champlin', 'Thompson', '2005-08-08', 20, NULL, NULL, NULL, NULL, 1, '1999-08-15', '2018-02-11 07:21:40', NULL),
(439, 'UA02859160439113360239126496', 'Dane', 'Mertz', 'Murazik', '2011-07-01', 10, NULL, NULL, NULL, NULL, 0, '2006-01-30', '2018-02-11 07:21:40', NULL),
(440, 'UA89386286286244633961084566', 'Alverta', 'Terry', 'Weimann', '2014-07-02', 18, NULL, NULL, NULL, NULL, 1, '2012-08-12', '2018-02-11 07:21:40', NULL),
(441, 'UA32554555147792905284694458', 'Lionel', 'Lowe', 'Wilderman', '2015-05-26', 16, NULL, NULL, NULL, NULL, 1, '1994-07-25', '2018-02-11 07:21:40', NULL),
(442, 'UA14774267469106286895395411', 'Cleta', 'Strosin', 'Kuhlman', '2006-07-25', 13, NULL, NULL, NULL, NULL, 1, '2004-04-30', '2018-02-11 07:21:40', NULL),
(443, 'UA96298799255015819072587992', 'Dayne', 'Jaskolski', 'Steuber', '2010-12-03', 3, NULL, NULL, NULL, NULL, 1, '2006-05-05', '2018-02-11 07:21:40', NULL),
(444, 'UA06079492988791444770977993', 'Lucas', 'Kerluke', 'Schmeler', '2003-10-23', 13, NULL, NULL, NULL, NULL, 0, '2008-12-07', '2018-02-11 07:21:40', NULL),
(445, 'UA90419763254210530458686576', 'Cathryn', 'Ledner', 'Schulist', '1993-02-09', 12, NULL, NULL, NULL, NULL, 1, '1994-08-13', '2018-02-11 07:21:40', NULL),
(446, 'UA26480048804894272970563873', 'Jamal', 'Gutkowski', 'Wehner', '1992-10-04', 20, NULL, NULL, NULL, NULL, 0, '2017-02-03', '2018-02-11 07:21:40', NULL),
(447, 'UA71552398360244103940490568', 'Amanda', 'Kuvalis', 'Streich', '1991-06-27', 3, NULL, NULL, NULL, NULL, 0, '2017-06-19', '2018-02-11 07:21:40', NULL),
(448, 'UA82222273075347948215090336', 'Brando', 'Kuhlman', 'Emmerich', '1998-04-06', 3, NULL, NULL, NULL, NULL, 0, '2001-12-03', '2018-02-11 07:21:40', NULL),
(449, 'UA96181561200598891482577470', 'Abbigail', 'Nitzsche', 'Rohan', '2009-06-21', 7, NULL, NULL, NULL, NULL, 1, '1993-11-09', '2018-02-11 07:21:40', NULL),
(450, 'UA93857597962475797492729776', 'Harry', 'Lemke', 'Reinger', '1991-01-27', 8, NULL, NULL, NULL, NULL, 0, '2016-05-26', '2018-02-11 07:21:40', NULL),
(451, 'UA28394733742066301074004294', 'Maci', 'Wisozk', 'Baumbach', '1998-11-23', 14, NULL, NULL, NULL, NULL, 0, '1988-10-20', '2018-02-11 07:21:40', NULL),
(452, 'UA84935284145600717427480929', 'Aubrey', 'Krajcik', 'Ebert', '2008-03-20', 3, NULL, NULL, NULL, NULL, 1, '2011-06-04', '2018-02-11 07:21:40', NULL),
(453, 'UA13932380953649656555002362', 'Quinn', 'Stroman', 'Reichert', '2008-07-06', 17, NULL, NULL, NULL, NULL, 0, '2014-01-15', '2018-02-11 07:21:40', NULL),
(454, 'UA33843068656110650610134647', 'Moriah', 'Herzog', 'Kessler', '2009-12-01', 2, NULL, NULL, NULL, NULL, 1, '2012-01-08', '2018-02-11 07:21:40', NULL),
(455, 'UA74091414189017733237866670', 'Raymond', 'Pouros', 'Eichmann', '2005-06-04', 12, NULL, NULL, NULL, NULL, 1, '2004-04-29', '2018-02-11 07:21:40', NULL),
(456, 'UA23642353773792688878816198', 'Jordy', 'Predovic', 'Aufderhar', '2008-02-14', 13, NULL, NULL, NULL, NULL, 1, '1992-10-01', '2018-02-11 07:21:40', NULL),
(457, 'UA55606365486869114848859652', 'Mohammed', 'Jaskolski', 'Mraz', '2004-03-19', 14, NULL, NULL, NULL, NULL, 0, '1990-09-29', '2018-02-11 07:21:40', NULL),
(458, 'UA23659461558951556822724689', 'Nelle', 'Tremblay', 'McGlynn', '1998-05-06', 2, NULL, NULL, NULL, NULL, 1, '2004-04-17', '2018-02-11 07:21:40', NULL),
(459, 'UA25542373706829391545454452', 'Aric', 'Bergnaum', 'Lubowitz', '2002-11-09', 17, NULL, NULL, NULL, NULL, 1, '1988-06-16', '2018-02-11 07:21:40', NULL),
(460, 'UA61046091071311530147345764', 'Grant', 'O\'Connell', 'Dooley', '2014-06-20', 4, NULL, NULL, NULL, NULL, 1, '1992-02-04', '2018-02-11 07:21:40', NULL),
(461, 'UA36946076778273220456114172', 'Alexandrine', 'Mitchell', 'Toy', '2014-06-17', 14, NULL, NULL, NULL, NULL, 0, '2014-04-05', '2018-02-11 07:21:40', NULL),
(462, 'UA41845021486280627777015376', 'Turner', 'Ebert', 'Huel', '2013-12-25', 9, NULL, NULL, NULL, NULL, 0, '1996-01-17', '2018-02-11 07:21:40', NULL),
(463, 'UA54096929475543319959358767', 'Georgiana', 'Runolfsson', 'O\'Keefe', '2008-03-15', 14, NULL, NULL, NULL, NULL, 0, '1990-01-03', '2018-02-11 07:21:40', NULL),
(464, 'UA24546703726575141276794675', 'Princess', 'Lesch', 'White', '2011-07-04', 5, NULL, NULL, NULL, NULL, 1, '2000-04-10', '2018-02-11 07:21:40', NULL),
(465, 'UA20630480282712030516680278', 'Kira', 'Waters', 'Prosacco', '1996-01-31', 12, NULL, NULL, NULL, NULL, 1, '1997-09-12', '2018-02-11 07:21:40', NULL),
(466, 'UA81020436327831506002312530', 'Ada', 'Wyman', 'Haley', '2003-06-25', 4, NULL, NULL, NULL, NULL, 0, '1992-07-22', '2018-02-11 07:21:40', NULL),
(467, 'UA35166626888473769724494751', 'Oceane', 'Hills', 'Glover', '2014-10-21', 7, NULL, NULL, NULL, NULL, 0, '2007-04-03', '2018-02-11 07:21:40', NULL),
(468, 'UA41104510891979835084626352', 'Alec', 'Ankunding', 'Casper', '2010-05-18', 2, NULL, NULL, NULL, NULL, 0, '1999-01-17', '2018-02-11 07:21:40', NULL),
(469, 'UA91699374827958374232703911', 'Gracie', 'Reynolds', 'Oberbrunner', '1990-08-09', 12, NULL, NULL, NULL, NULL, 0, '2012-09-22', '2018-02-11 07:21:40', NULL),
(470, 'UA53664717871001640284798672', 'Neil', 'Jacobs', 'Harber', '2017-04-28', 11, NULL, NULL, NULL, NULL, 1, '1993-11-25', '2018-02-11 07:21:40', NULL),
(471, 'UA59578505228997250029407199', 'Darwin', 'O\'Kon', 'Robel', '2002-08-29', 12, NULL, NULL, NULL, NULL, 1, '1988-06-17', '2018-02-11 07:21:40', NULL),
(472, 'UA81777635949057279623387174', 'Clemens', 'Kulas', 'Kreiger', '2004-04-25', 20, NULL, NULL, NULL, NULL, 1, '2002-07-22', '2018-02-11 07:21:40', NULL),
(473, 'UA02089901409665368865425963', 'Willa', 'Morar', 'Parisian', '2006-12-02', 11, NULL, NULL, NULL, NULL, 0, '2002-05-26', '2018-02-11 07:21:40', NULL),
(474, 'UA13530562234897817700281460', 'Zander', 'Pollich', 'Zemlak', '2009-03-22', 3, NULL, NULL, NULL, NULL, 1, '1988-12-22', '2018-02-11 07:21:40', NULL),
(475, 'UA65475960216092432439756177', 'Deondre', 'Stamm', 'Botsford', '2017-01-01', 4, NULL, NULL, NULL, NULL, 0, '1991-04-03', '2018-02-11 07:21:40', NULL),
(476, 'UA68320138334789532568622527', 'Wade', 'Barrows', 'Rau', '2016-12-05', 15, NULL, NULL, NULL, NULL, 0, '2015-10-19', '2018-02-11 07:21:40', NULL),
(477, 'UA49997081403379279470278581', 'Isac', 'Prosacco', 'Gleichner', '2010-02-15', 20, NULL, NULL, NULL, NULL, 1, '2012-04-14', '2018-02-11 07:21:40', NULL),
(478, 'UA94844892007371390407549060', 'Trevion', 'Bashirian', 'Fritsch', '2000-04-29', 12, NULL, NULL, NULL, NULL, 0, '1996-10-29', '2018-02-11 07:21:40', NULL),
(479, 'UA84806044485699693461853624', 'Dorian', 'Herman', 'Stamm', '1992-10-02', 10, NULL, NULL, NULL, NULL, 0, '1994-02-02', '2018-02-11 07:21:40', NULL),
(480, 'UA14589945577751515320230452', 'Emmalee', 'Ward', 'Prosacco', '1999-12-29', 10, NULL, NULL, NULL, NULL, 1, '2002-01-12', '2018-02-11 07:21:40', NULL),
(481, 'UA87495624708343230125368591', 'Jaiden', 'Harber', 'Lehner', '2007-03-30', 1, NULL, NULL, NULL, NULL, 1, '1999-09-11', '2018-02-11 07:21:40', NULL),
(482, 'UA58538274609374461145715882', 'Karianne', 'Daniel', 'Predovic', '1993-05-05', 20, NULL, NULL, NULL, NULL, 1, '2002-12-31', '2018-02-11 07:21:40', NULL),
(483, 'UA10359982321684653655619364', 'Sincere', 'Pacocha', 'Lesch', '1999-08-05', 9, NULL, NULL, NULL, NULL, 0, '1993-03-01', '2018-02-11 07:21:40', NULL),
(484, 'UA49300208384814396235467239', 'Kaden', 'Connelly', 'Jerde', '2001-11-12', 9, NULL, NULL, NULL, NULL, 1, '1993-08-26', '2018-02-11 07:21:40', NULL),
(485, 'UA27468263209098407588413834', 'Declan', 'DuBuque', 'Turner', '1996-11-29', 20, NULL, NULL, NULL, NULL, 1, '2014-07-16', '2018-02-11 07:21:40', NULL),
(486, 'UA23105049827251167875166932', 'Jammie', 'Kling', 'Blick', '1990-11-07', 9, NULL, NULL, NULL, NULL, 1, '1989-09-07', '2018-02-11 07:21:40', NULL),
(487, 'UA96799625185748295834084314', 'Saige', 'Rodriguez', 'Paucek', '1991-12-08', 8, NULL, NULL, NULL, NULL, 1, '2003-09-30', '2018-02-11 07:21:40', NULL),
(488, 'UA26409892616683290642928002', 'Fabiola', 'McLaughlin', 'Auer', '1998-07-05', 4, NULL, NULL, NULL, NULL, 1, '2008-08-24', '2018-02-11 07:21:40', NULL),
(489, 'UA84125956151625717711713494', 'Audreanne', 'Bailey', 'Kris', '2001-04-18', 8, NULL, NULL, NULL, NULL, 1, '1989-05-16', '2018-02-11 07:21:40', NULL),
(490, 'UA23037977020030735332051273', 'Nat', 'Hintz', 'Stiedemann', '2017-12-19', 16, NULL, NULL, NULL, NULL, 1, '2001-12-20', '2018-02-11 07:21:40', NULL),
(492, 'UA09185443898189676390055444', 'Caitlyn', 'Lang', 'Zieme', '1989-08-08', 16, NULL, NULL, NULL, NULL, 1, '2017-02-13', '2018-02-11 07:21:40', NULL),
(495, 'UA30984015909220431236569677', 'Laurine', 'Jast', 'Schiller', '2001-10-08', 15, NULL, NULL, NULL, NULL, 1, '2002-07-28', '2018-02-11 07:21:40', NULL),
(496, 'UA79108532565951272962531707', 'Brionna', 'Macejkovic', 'Dicki', '2000-02-11', 6, NULL, NULL, NULL, NULL, 1, '1991-08-10', '2018-02-11 07:21:40', NULL),
(498, 'UA84716166245876125978215623', 'Collin', 'Gerhold', 'Rodriguez', '1989-01-13', 13, NULL, NULL, NULL, NULL, 0, '2014-04-24', '2018-02-11 07:21:40', NULL),
(499, 'UA53084215168586215154550186', 'Hailee', 'Ryan', 'Heller', '2012-09-07', 1, NULL, NULL, NULL, NULL, 1, '2009-12-20', '2018-02-11 07:21:40', NULL),
(501, 'ssssssssssssssss', NULL, NULL, NULL, NULL, 167, 'Magnolia Shaina Abbott (Акушерка)', NULL, 1, '8:00', 0, '2018-02-13', '2018-02-11 07:51:45', 'ab670edf9e8321b4e1ce2a3e477b1318'),
(502, 'sadddddddddddddd', NULL, NULL, NULL, NULL, 50, 'Ryan Alexanne Medhurst (Аллерголог-иммунолог)', NULL, 4, '9:30', 0, '2018-02-18', '2018-02-12 15:15:35', '3da4bdd7e1ee11c948244b70edbaefce'),
(503, 'wwwwwwwwwwwwwwww', NULL, NULL, NULL, NULL, 481, 'Jessyca Ford Abbott (Андролог)', NULL, 1, '8:00', 0, '2018-02-12', '2018-02-12 15:30:06', '14519f7111a2e1b82e49dcb6d6138501'),
(504, 'ssssssssssssssss', NULL, NULL, NULL, NULL, 50, 'Ryan Alexanne Medhurst (Аллерголог-иммунолог)', NULL, 2, '8:30', 0, '2018-02-12', '2018-02-12 15:31:01', '0aea9276fc492733a9cb6212ea9be92b'),
(505, '2222222222222222', NULL, NULL, NULL, NULL, 481, 'Jessyca Ford Abbott (Андролог)', NULL, 2, '8:30', 0, '2018-02-13', '2018-02-12 15:38:13', '3f0fd54be157a430a88de3fbaaa0171c'),
(506, '2222222222222222', NULL, NULL, NULL, NULL, 50, 'Ryan Alexanne Medhurst (Аллерголог-иммунолог)', NULL, 2, '8:30', 0, '2018-02-13', '2018-02-12 15:44:28', 'bd19356f03cca4aa9a2d9d3cf827eaee');

-- --------------------------------------------------------

--
-- Структура таблицы `profession`
--

CREATE TABLE `profession` (
  `id` int(11) NOT NULL,
  `name` varchar(255) DEFAULT NULL
) ENGINE=InnoDB DEFAULT CHARSET=utf8;

--
-- Дамп данных таблицы `profession`
--

INSERT INTO `profession` (`id`, `name`) VALUES
(1, 'Акушер-гинеколог'),
(2, 'Акушерка'),
(3, 'Аллерголог'),
(4, 'Аллерголог-иммунолог'),
(5, 'Ангиохирург'),
(6, 'Андролог'),
(7, 'Андролог-эндокринолог'),
(8, 'Анестезиолог'),
(9, 'Анестезиолог-реаниматолог'),
(10, 'Аритмолог'),
(11, 'Ароматерапевт'),
(12, 'Артролог'),
(13, 'Бактериолог'),
(14, 'Бальнеолог'),
(15, 'Валеолог'),
(16, 'Венеролог'),
(17, 'Вертебролог'),
(18, 'Вирусолог'),
(19, 'Врач общей практики (см. также Семейный врач)'),
(20, 'Врач по лечебной физкультуре и спорту'),
(21, 'Врач по лечению бесплодия'),
(22, 'Врач по спортивной медицине'),
(23, 'Врач скорой помощи'),
(24, 'Врач УЗИ'),
(25, 'Врач функциональной диагностики'),
(26, 'Гастроэнтеролог'),
(27, 'Гематолог'),
(28, 'Генетик'),
(29, 'Гепатолог'),
(30, 'Гериатр'),
(31, 'Гинеколог'),
(32, 'Гинеколог-перинатолог'),
(33, 'Гинеколог-эндокринолог'),
(34, 'Гирудотерапевт'),
(35, 'Гомеопат'),
(36, 'Дерматовенеролог'),
(37, 'Дерматолог (см. также Миколог, Трихолог)'),
(38, 'Диагност'),
(39, 'Диетолог'),
(40, 'Зубной врач'),
(41, 'Иглорефлексотерапевт'),
(42, 'Иммунолог'),
(43, 'Имплантолог'),
(44, 'Инфекционист'),
(45, 'Кардиолог'),
(46, 'Кардиоревматолог'),
(47, 'Кардиохирург'),
(48, 'Кинезиолог'),
(49, 'Колопроктолог'),
(50, 'Косметолог'),
(51, 'Курортолог'),
(52, 'Лаборант'),
(53, 'Логопед'),
(54, 'ЛОР (см. также Отоларинголог)'),
(55, 'Маммолог'),
(56, 'Мануальный терапевт'),
(57, 'Массажист'),
(58, 'Миколог (см. также Трихолог, Дерматолог)'),
(59, 'Нарколог'),
(60, 'Невролог (см. также Паркинсонолог)'),
(61, 'Невропатолог'),
(62, 'Нейротравматолог (см. также Нейрохирург)'),
(63, 'Нейрохирург (см. также Нейротравматолог)'),
(64, 'Неонатолог'),
(65, 'Нефролог'),
(66, 'Окулист (см. также Офтальмолог)'),
(67, 'Онкогинеколог (см. также Онколог-гинеколог)'),
(68, 'Онколог'),
(69, 'Онколог-гинеколог (см. также Онкогинеколог)'),
(70, 'Онколог-хирург'),
(71, 'Онкоуролог'),
(72, 'Ортодонт'),
(73, 'Ортопед'),
(74, 'Ортопед-травматолог'),
(75, 'Остеопат'),
(76, 'Отоларинголог (см. также ЛОР)'),
(77, 'Отоневролог'),
(78, 'Офтальмолог (см. также Окулист)'),
(79, 'Офтальмолог-хирург'),
(80, 'Паразитолог'),
(81, 'Паркинсонолог (см. также Невролог)'),
(82, 'Пародонтолог'),
(83, 'Педиатр'),
(84, 'Педиатр-неонатолог'),
(85, 'Перинатолог'),
(86, 'Пластический хирург'),
(87, 'Подолог'),
(88, 'Проктолог'),
(89, 'Профпатолог'),
(90, 'Психиатр'),
(91, 'Психиатр-нарколог'),
(92, 'Психолог (см. также Психотерапевт)'),
(93, 'Психоневролог'),
(94, 'Психотерапевт (см. также Психолог)'),
(95, 'Пульмонолог'),
(96, 'Радиолог'),
(97, 'Реабилитолог'),
(98, 'Реаниматолог'),
(99, 'Ревматолог'),
(100, 'Рентгенолог'),
(101, 'Репродуктолог'),
(102, 'Рефлексотерапевт'),
(103, 'Санитарный врач по гигиене детей и подростков'),
(104, 'Санитарный врач по гигиене питания'),
(105, 'Санитарный врач по гигиене труда'),
(106, 'Сексолог (см. также Сексопатолог)'),
(107, 'Сексопатолог (см. также Сексолог)'),
(108, 'Семейный врач (см. также Врач общей практики)'),
(109, 'Семейный доктор'),
(110, 'Сомнолог'),
(111, 'Сосудистый хирург'),
(112, 'Специалист восстановительного лечения'),
(113, 'Стоматолог'),
(114, 'Стоматолог-ортодонт'),
(115, 'Стоматолог-ортопед'),
(116, 'Стоматолог-протезист'),
(117, 'Стоматолог-терапевт'),
(118, 'Стоматолог-хирург'),
(119, 'Суггестолог'),
(120, 'Судебно-медицинский эксперт'),
(121, 'Сурдолог'),
(122, 'Сурдопедагог'),
(123, 'Терапевт'),
(124, 'Терапевт мануальный'),
(125, 'Токсиколог'),
(126, 'Торакальный хирург'),
(127, 'Травматолог'),
(128, 'Трансфузиолог'),
(129, 'Трихолог (см. также Миколог, Дерматолог)'),
(130, 'УЗИ врач'),
(131, 'Урогинеколог'),
(132, 'Уролог'),
(133, 'Фармаколог клинический'),
(134, 'Физиотерапевт'),
(135, 'Флеболог'),
(136, 'Фониатр'),
(137, 'Фтизиатр'),
(138, 'Фтизиопедиатр'),
(139, 'Хирург'),
(140, 'Хирург детский'),
(141, 'Хирург пластический'),
(142, 'Хирург сосудистый (см. также Ангиохирург)'),
(143, 'Хирург торакальный'),
(144, 'Хирург челюстно-лицевой'),
(145, 'Хирург-флеболог'),
(146, 'Челюстно-лицевой хирург'),
(147, 'Эмбриолог'),
(148, 'Эндодонт'),
(149, 'Эндокринолог'),
(150, 'Эндоскопист'),
(151, 'Эпидемиолог'),
(152, 'Эпилептолог');

-- --------------------------------------------------------

--
-- Структура таблицы `user`
--

CREATE TABLE `user` (
  `id` int(11) NOT NULL,
  `username` varchar(255) COLLATE utf8_unicode_ci NOT NULL,
  `auth_key` varchar(32) COLLATE utf8_unicode_ci NOT NULL,
  `password_hash` varchar(255) COLLATE utf8_unicode_ci NOT NULL,
  `password_reset_token` varchar(255) COLLATE utf8_unicode_ci DEFAULT NULL,
  `email` varchar(255) COLLATE utf8_unicode_ci NOT NULL,
  `status` smallint(6) NOT NULL DEFAULT '10',
  `created_at` int(11) NOT NULL,
  `updated_at` int(11) NOT NULL
) ENGINE=InnoDB DEFAULT CHARSET=utf8 COLLATE=utf8_unicode_ci;

--
-- Дамп данных таблицы `user`
--

INSERT INTO `user` (`id`, `username`, `auth_key`, `password_hash`, `password_reset_token`, `email`, `status`, `created_at`, `updated_at`) VALUES
(1, 'admin', '-JW_L3hZ3rUNkS90TVu9IoQTLWuoJqSD', '$2y$13$3lVYj7Yj1da80oYFU5.YWOmj2YtSJljZIzWiI/f/m1/aKo6SOO8aO', 'rmJS-O2gLX9wvQk8ii3e9U0WMGAARsCo', 'admin@admin.com', 10, 1518322895, 1518322895);

--
-- Индексы сохранённых таблиц
--

--
-- Индексы таблицы `area`
--
ALTER TABLE `area`
  ADD PRIMARY KEY (`id`);

--
-- Индексы таблицы `calendar`
--
ALTER TABLE `calendar`
  ADD PRIMARY KEY (`id`),
  ADD KEY `FK_calendar_to_doctor` (`doctor_id`);

--
-- Индексы таблицы `day_period`
--
ALTER TABLE `day_period`
  ADD PRIMARY KEY (`id`);

--
-- Индексы таблицы `doctor`
--
ALTER TABLE `doctor`
  ADD PRIMARY KEY (`id`),
  ADD KEY `doctor_to_area` (`area_id`),
  ADD KEY `doctor_to_profession` (`profession_id`),
  ADD KEY `doctor_to_doctor_status` (`status_id`);

--
-- Индексы таблицы `doctor_status`
--
ALTER TABLE `doctor_status`
  ADD PRIMARY KEY (`id`);

--
-- Индексы таблицы `migration`
--
ALTER TABLE `migration`
  ADD PRIMARY KEY (`version`);

--
-- Индексы таблицы `order`
--
ALTER TABLE `order`
  ADD PRIMARY KEY (`id`);

--
-- Индексы таблицы `profession`
--
ALTER TABLE `profession`
  ADD PRIMARY KEY (`id`);

--
-- Индексы таблицы `user`
--
ALTER TABLE `user`
  ADD PRIMARY KEY (`id`),
  ADD UNIQUE KEY `username` (`username`),
  ADD UNIQUE KEY `email` (`email`),
  ADD UNIQUE KEY `password_reset_token` (`password_reset_token`);

--
-- AUTO_INCREMENT для сохранённых таблиц
--

--
-- AUTO_INCREMENT для таблицы `area`
--
ALTER TABLE `area`
  MODIFY `id` int(11) NOT NULL AUTO_INCREMENT, AUTO_INCREMENT=7;

--
-- AUTO_INCREMENT для таблицы `calendar`
--
ALTER TABLE `calendar`
  MODIFY `id` int(11) NOT NULL AUTO_INCREMENT, AUTO_INCREMENT=86539;

--
-- AUTO_INCREMENT для таблицы `day_period`
--
ALTER TABLE `day_period`
  MODIFY `id` int(11) NOT NULL AUTO_INCREMENT, AUTO_INCREMENT=23;

--
-- AUTO_INCREMENT для таблицы `doctor`
--
ALTER TABLE `doctor`
  MODIFY `id` int(11) NOT NULL AUTO_INCREMENT, AUTO_INCREMENT=501;

--
-- AUTO_INCREMENT для таблицы `doctor_status`
--
ALTER TABLE `doctor_status`
  MODIFY `id` int(11) NOT NULL AUTO_INCREMENT, AUTO_INCREMENT=5;

--
-- AUTO_INCREMENT для таблицы `order`
--
ALTER TABLE `order`
  MODIFY `id` int(11) NOT NULL AUTO_INCREMENT, AUTO_INCREMENT=507;

--
-- AUTO_INCREMENT для таблицы `profession`
--
ALTER TABLE `profession`
  MODIFY `id` int(11) NOT NULL AUTO_INCREMENT, AUTO_INCREMENT=153;

--
-- AUTO_INCREMENT для таблицы `user`
--
ALTER TABLE `user`
  MODIFY `id` int(11) NOT NULL AUTO_INCREMENT, AUTO_INCREMENT=2;

--
-- Ограничения внешнего ключа сохраненных таблиц
--

--
-- Ограничения внешнего ключа таблицы `calendar`
--
ALTER TABLE `calendar`
  ADD CONSTRAINT `FK_calendar_to_doctor` FOREIGN KEY (`doctor_id`) REFERENCES `doctor` (`id`) ON DELETE CASCADE ON UPDATE CASCADE;

--
-- Ограничения внешнего ключа таблицы `doctor`
--
ALTER TABLE `doctor`
  ADD CONSTRAINT `doctor_to_area` FOREIGN KEY (`area_id`) REFERENCES `area` (`id`) ON DELETE NO ACTION ON UPDATE CASCADE,
  ADD CONSTRAINT `doctor_to_doctor_status` FOREIGN KEY (`status_id`) REFERENCES `doctor_status` (`id`) ON DELETE NO ACTION ON UPDATE CASCADE,
  ADD CONSTRAINT `doctor_to_profession` FOREIGN KEY (`profession_id`) REFERENCES `profession` (`id`) ON DELETE NO ACTION ON UPDATE CASCADE;
COMMIT;

/*!40101 SET CHARACTER_SET_CLIENT=@OLD_CHARACTER_SET_CLIENT */;
/*!40101 SET CHARACTER_SET_RESULTS=@OLD_CHARACTER_SET_RESULTS */;
/*!40101 SET COLLATION_CONNECTION=@OLD_COLLATION_CONNECTION */;
